{"generatedAt":"2026-02-26T19:33:22.298Z","source":"https://0309d3-72.myshopify.com","page":{"id":88930943075,"handle":"about-us","title":"From Cart to Heart","bodyHtml":"<p dir=\"ltr\" bis_size='{\"x\":12,\"y\":9,\"w\":560,\"h\":98,\"abs_x\":428,\"abs_y\":269}'><span bis_size='{\"x\":12,\"y\":9,\"w\":0,\"h\":18,\"abs_x\":428,\"abs_y\":269}'></span><span bis_size='{\"x\":12,\"y\":9,\"w\":77,\"h\":18,\"abs_x\":428,\"abs_y\":269}'>Welcome to </span><span bis_size='{\"x\":89,\"y\":9,\"w\":95,\"h\":18,\"abs_x\":505,\"abs_y\":269}'>Saltonline store</span><span bis_size='{\"x\":12,\"y\":9,\"w\":533,\"h\":77,\"abs_x\":428,\"abs_y\":269}'> - your go to online destination for unique, high-quality products that enhance everyday living. Whether you're refreshing your home décor, upgrading your self-care routine, or finding practical tools for the garden, our carefully curated collections have something special for everyone.<br bis_size='{\"x\":360,\"y\":68,\"w\":0,\"h\":18,\"abs_x\":776,\"abs_y\":328}'><br bis_size='{\"x\":12,\"y\":88,\"w\":0,\"h\":18,\"abs_x\":428,\"abs_y\":348}'></span></p>\n<h2 dir=\"ltr\" bis_size='{\"x\":12,\"y\":123,\"w\":560,\"h\":29,\"abs_x\":428,\"abs_y\":383}'><span bis_size='{\"x\":12,\"y\":123,\"w\":242,\"h\":28,\"abs_x\":428,\"abs_y\":383}'><meta charset=\"utf-8\"> <em bis_size='{\"x\":12,\"y\":123,\"w\":242,\"h\":28,\"abs_x\":428,\"abs_y\":383}'><strong bis_size='{\"x\":12,\"y\":123,\"w\":242,\"h\":28,\"abs_x\":428,\"abs_y\":383}'>Meet Courtney R. Jones</strong></em></span></h2>\n<p><span bis_size='{\"x\":12,\"y\":123,\"w\":242,\"h\":28,\"abs_x\":428,\"abs_y\":383}'><em bis_size='{\"x\":12,\"y\":123,\"w\":242,\"h\":28,\"abs_x\":428,\"abs_y\":383}'><strong bis_size='{\"x\":12,\"y\":123,\"w\":242,\"h\":28,\"abs_x\":428,\"abs_y\":383}'><img src=\"https://cdn.shopify.com/s/files/1/0580/7659/4275/files/Courtney.jpg?v=1765281939\" alt=\"\"></strong></em></span></p>\n<p dir=\"ltr\" bis_size='{\"x\":12,\"y\":163,\"w\":560,\"h\":176,\"abs_x\":428,\"abs_y\":423}'>From Senior and Living Today to Saltonline Store.<span bis_size='{\"x\":12,\"y\":183,\"w\":0,\"h\":18,\"abs_x\":428,\"abs_y\":443}'><br bis_size='{\"x\":314,\"y\":163,\"w\":0,\"h\":18,\"abs_x\":730,\"abs_y\":423}'><b id=\"docs-internal-guid-8abfd400-7fff-aa36-7601-f73c30270653\" bis_size='{\"x\":12,\"y\":183,\"w\":0,\"h\":18,\"abs_x\":428,\"abs_y\":443}'></b></span><span bis_size='{\"x\":12,\"y\":183,\"w\":0,\"h\":18,\"abs_x\":428,\"abs_y\":443}'><b bis_size='{\"x\":12,\"y\":183,\"w\":0,\"h\":18,\"abs_x\":428,\"abs_y\":443}'></b></span><meta charset=\"utf-8\">Driven by a deep passion for helping seniors live with dignity and comfort, she transformed her experience as a senior care advocate into a mission-led online store. What began as one woman’s dedication to better caregiving has grown into a trusted destination for thoughtful, practical products that truly make a difference in the lives of seniors and their families. Her journey is a reminder that empathy can be the most powerful business plan.<br bis_size='{\"x\":156,\"y\":281,\"w\":0,\"h\":18,\"abs_x\":572,\"abs_y\":541}'><br bis_size='{\"x\":12,\"y\":300,\"w\":0,\"h\":18,\"abs_x\":428,\"abs_y\":560}'><br bis_size='{\"x\":12,\"y\":320,\"w\":0,\"h\":18,\"abs_x\":428,\"abs_y\":580}'></p>\n<h3 bis_size='{\"x\":12,\"y\":355,\"w\":560,\"h\":22,\"abs_x\":428,\"abs_y\":615}'>\n<meta charset=\"utf-8\"> <strong bis_size='{\"x\":12,\"y\":355,\"w\":121,\"h\":21,\"abs_x\":428,\"abs_y\":615}'>What We Offer<br bis_size='{\"x\":133,\"y\":355,\"w\":0,\"h\":21,\"abs_x\":549,\"abs_y\":615}'></strong><strong bis_size='{\"x\":12,\"y\":378,\"w\":0,\"h\":0,\"abs_x\":428,\"abs_y\":638}'></strong>\n</h3>\n<p dir=\"ltr\" bis_size='{\"x\":12,\"y\":389,\"w\":560,\"h\":39,\"abs_x\":428,\"abs_y\":649}'><a rel=\"noopener\" href=\"https://www.saltonlinestore.com/collections/home-decor\" bis_size='{\"x\":12,\"y\":389,\"w\":82,\"h\":18,\"abs_x\":428,\"abs_y\":649}' target=\"_blank\"><strong bis_size='{\"x\":12,\"y\":389,\"w\":82,\"h\":18,\"abs_x\":428,\"abs_y\":649}'>Home Decor</strong></a><span bis_size='{\"x\":12,\"y\":389,\"w\":551,\"h\":38,\"abs_x\":428,\"abs_y\":649}'><strong bis_size='{\"x\":94,\"y\":389,\"w\":7,\"h\":18,\"abs_x\":510,\"abs_y\":649}'>: </strong>From luminous garden pebbles and stylish LED wall clocks to elegant night lamps, our collection brings warmth, style, and charm to every room and outdoor space.</span></p>\n<p dir=\"ltr\" bis_size='{\"x\":12,\"y\":444,\"w\":560,\"h\":58,\"abs_x\":428,\"abs_y\":704}'><a rel=\"noopener\" href=\"https://www.saltonlinestore.com/collections/dresses\" bis_size='{\"x\":12,\"y\":444,\"w\":121,\"h\":18,\"abs_x\":428,\"abs_y\":704}' target=\"_blank\"><strong bis_size='{\"x\":12,\"y\":444,\"w\":121,\"h\":18,\"abs_x\":428,\"abs_y\":704}'>Fashion &amp; Apparel</strong></a><span bis_size='{\"x\":12,\"y\":444,\"w\":545,\"h\":57,\"abs_x\":428,\"abs_y\":704}'><strong bis_size='{\"x\":133,\"y\":444,\"w\":7,\"h\":18,\"abs_x\":549,\"abs_y\":704}'>: </strong>Explore our seasonal collections, including summer tops, casual trousers, flowing dresses, trendy t-shirts, and more - designed to suit every occasion and mood.</span><strong bis_size='{\"x\":51,\"y\":483,\"w\":0,\"h\":18,\"abs_x\":467,\"abs_y\":743}'><b bis_size='{\"x\":51,\"y\":483,\"w\":0,\"h\":18,\"abs_x\":467,\"abs_y\":743}'></b></strong></p>\n<p dir=\"ltr\" bis_size='{\"x\":12,\"y\":519,\"w\":560,\"h\":58,\"abs_x\":428,\"abs_y\":779}'><a rel=\"noopener\" href=\"https://www.saltonlinestore.com/collections/garden-tools\" bis_size='{\"x\":12,\"y\":519,\"w\":106,\"h\":18,\"abs_x\":428,\"abs_y\":779}' target=\"_blank\"><strong bis_size='{\"x\":12,\"y\":519,\"w\":106,\"h\":18,\"abs_x\":428,\"abs_y\":779}'>Gardening Tools</strong></a><span bis_size='{\"x\":12,\"y\":519,\"w\":549,\"h\":57,\"abs_x\":428,\"abs_y\":779}'><strong bis_size='{\"x\":118,\"y\":519,\"w\":3,\"h\":18,\"abs_x\":534,\"abs_y\":779}'>:</strong> Garden better with durable tools built for performance - think manganese steel shovels, adjustable weeding rakes, and precision implements crafted for both casual and seasoned gardeners.</span><strong bis_size='{\"x\":240,\"y\":558,\"w\":0,\"h\":18,\"abs_x\":656,\"abs_y\":818}'><b bis_size='{\"x\":240,\"y\":558,\"w\":0,\"h\":18,\"abs_x\":656,\"abs_y\":818}'></b></strong></p>\n<p dir=\"ltr\" bis_size='{\"x\":12,\"y\":594,\"w\":560,\"h\":58,\"abs_x\":428,\"abs_y\":854}'><a href=\"https://www.saltonlinestore.com/collections/pet-assocerries\" bis_size='{\"x\":12,\"y\":594,\"w\":54,\"h\":18,\"abs_x\":428,\"abs_y\":854}'><strong bis_size='{\"x\":12,\"y\":594,\"w\":54,\"h\":18,\"abs_x\":428,\"abs_y\":854}'>Pet Care</strong></a><span bis_size='{\"x\":66,\"y\":594,\"w\":7,\"h\":18,\"abs_x\":482,\"abs_y\":854}'><strong bis_size='{\"x\":66,\"y\":594,\"w\":7,\"h\":18,\"abs_x\":482,\"abs_y\":854}'>: </strong></span>Explore SALT's thoughtfully curated Pet Accessories collection, designed to enhance the comfort and convenience of both pets and their owners (2 in 1 Dog Water Bottle, Pet Steam Brush and Mini GPS Tracker)</p>\n<p dir=\"ltr\" bis_size='{\"x\":12,\"y\":669,\"w\":560,\"h\":58,\"abs_x\":428,\"abs_y\":929}'><span bis_size='{\"x\":12,\"y\":669,\"w\":0,\"h\":18,\"abs_x\":428,\"abs_y\":929}'></span><strong bis_size='{\"x\":12,\"y\":669,\"w\":217,\"h\":18,\"abs_x\":428,\"abs_y\":929}'><b id=\"docs-internal-guid-cc574de1-7fff-42b2-9e14-9a49cc549f8f\" bis_size='{\"x\":12,\"y\":669,\"w\":217,\"h\":18,\"abs_x\":428,\"abs_y\":929}'><a href=\"https://www.saltonlinestore.com/collections/cookware\" bis_size='{\"x\":12,\"y\":669,\"w\":209,\"h\":18,\"abs_x\":428,\"abs_y\":929}' target=\"_blank\"><span bis_size='{\"x\":12,\"y\":669,\"w\":209,\"h\":18,\"abs_x\":428,\"abs_y\":929}'>Cookware &amp; Kitchen Essentials</span></a><span bis_size='{\"x\":221,\"y\":669,\"w\":8,\"h\":18,\"abs_x\":637,\"abs_y\":929}'>: </span></b></strong>Cook smart with space-saving organizers, non-stick cookware sets, silicone bakeware, and innovative gadgets designed to bring efficiency and style to your kitchen.</p>\n<h3 dir=\"ltr\" bis_size='{\"x\":12,\"y\":743,\"w\":560,\"h\":68,\"abs_x\":428,\"abs_y\":1003}'>\n<br bis_size='{\"x\":12,\"y\":743,\"w\":0,\"h\":21,\"abs_x\":428,\"abs_y\":1003}'><br bis_size='{\"x\":12,\"y\":766,\"w\":0,\"h\":21,\"abs_x\":428,\"abs_y\":1026}'><strong bis_size='{\"x\":12,\"y\":789,\"w\":131,\"h\":21,\"abs_x\":428,\"abs_y\":1049}'>Why Choose Us?<br bis_size='{\"x\":143,\"y\":789,\"w\":0,\"h\":21,\"abs_x\":559,\"abs_y\":1049}'></strong><strong bis_size='{\"x\":12,\"y\":812,\"w\":0,\"h\":0,\"abs_x\":428,\"abs_y\":1072}'></strong>\n</h3>\n<p dir=\"ltr\" role=\"presentation\" bis_size='{\"x\":12,\"y\":823,\"w\":560,\"h\":39,\"abs_x\":428,\"abs_y\":1083}'><strong bis_size='{\"x\":12,\"y\":823,\"w\":454,\"h\":18,\"abs_x\":428,\"abs_y\":1083}'>Free Shipping Across the USA - with No Minimum Purchase Required</strong><span bis_size='{\"x\":466,\"y\":823,\"w\":0,\"h\":18,\"abs_x\":882,\"abs_y\":1083}'><br bis_size='{\"x\":466,\"y\":823,\"w\":0,\"h\":18,\"abs_x\":882,\"abs_y\":1083}'></span><span bis_size='{\"x\":12,\"y\":842,\"w\":431,\"h\":18,\"abs_x\":428,\"abs_y\":1102}'>We believe in effortless, value-driven shopping - no order is too small.</span><span bis_size='{\"x\":443,\"y\":842,\"w\":0,\"h\":18,\"abs_x\":859,\"abs_y\":1102}'><br bis_size='{\"x\":443,\"y\":842,\"w\":0,\"h\":18,\"abs_x\":859,\"abs_y\":1102}'></span></p>\n<p dir=\"ltr\" role=\"presentation\" bis_size='{\"x\":12,\"y\":878,\"w\":560,\"h\":58,\"abs_x\":428,\"abs_y\":1138}'><strong bis_size='{\"x\":12,\"y\":878,\"w\":366,\"h\":18,\"abs_x\":428,\"abs_y\":1138}'>Unique Products, Outstanding Service, Exclusive Pricing</strong><span bis_size='{\"x\":378,\"y\":878,\"w\":0,\"h\":18,\"abs_x\":794,\"abs_y\":1138}'><br bis_size='{\"x\":378,\"y\":878,\"w\":0,\"h\":18,\"abs_x\":794,\"abs_y\":1138}'></span><span bis_size='{\"x\":12,\"y\":897,\"w\":507,\"h\":38,\"abs_x\":428,\"abs_y\":1157}'>Every item is thoughtfully sourced to offer a blend of individuality, practicality, and affordability.</span></p>\n<p dir=\"ltr\" role=\"presentation\" bis_size='{\"x\":12,\"y\":953,\"w\":560,\"h\":58,\"abs_x\":428,\"abs_y\":1213}'><span bis_size='{\"x\":12,\"y\":953,\"w\":0,\"h\":18,\"abs_x\":428,\"abs_y\":1213}'></span><strong bis_size='{\"x\":12,\"y\":953,\"w\":184,\"h\":18,\"abs_x\":428,\"abs_y\":1213}'><b id=\"docs-internal-guid-f071c199-7fff-ee90-f11b-935b61dbf949\" bis_size='{\"x\":12,\"y\":953,\"w\":184,\"h\":18,\"abs_x\":428,\"abs_y\":1213}'><span bis_size='{\"x\":12,\"y\":953,\"w\":184,\"h\":18,\"abs_x\":428,\"abs_y\":1213}'>Fresh New Arrivals Weekly</span><span bis_size='{\"x\":196,\"y\":953,\"w\":0,\"h\":18,\"abs_x\":612,\"abs_y\":1213}'><br bis_size='{\"x\":196,\"y\":953,\"w\":0,\"h\":18,\"abs_x\":612,\"abs_y\":1213}'></span><span bis_size='{\"x\":12,\"y\":972,\"w\":0,\"h\":18,\"abs_x\":428,\"abs_y\":1232}'> </span></b></strong>Browse the latest in home décor, fashion, tools, and more - our 'New Arrivals' section is updated regularly to spark inspiration and discovery.</p>\n<p dir=\"ltr\" bis_size='{\"x\":12,\"y\":1027,\"w\":560,\"h\":19,\"abs_x\":428,\"abs_y\":1287}'> </p>","publishedAt":"2024-05-08T01:45:34-04:00","updatedAt":"2025-12-09T07:08:56-05:00"}}