{"generatedAt":"2026-02-26T19:33:22.298Z","source":"https://0309d3-72.myshopify.com","total":56,"collections":[{"id":286483873891,"title":"All Products","handle":"all-products","description":"","published_at":"2025-03-01T05:09:49-05:00","updated_at":"2026-02-26T14:28:37-05:00","image":{"id":1621274034275,"created_at":"2025-03-03T01:11:58-05:00","src":"https://cdn.shopify.com/s/files/1/0580/7659/4275/collections/S96c0f43ae2334c7a972f723d33e2da07A.webp?v=1740982318","alt":null},"products_count":727},{"id":291396354147,"title":"Best Sellers","handle":"appplaza-best-sellers","description":"","published_at":"2025-11-07T03:00:00-05:00","updated_at":"2026-02-26T14:28:37-05:00","image":null,"products_count":727},{"id":286183784547,"title":"NEW ARRIVALS","handle":"new-arrivals","description":"","published_at":"2025-02-20T07:49:38-05:00","updated_at":"2026-02-26T14:28:37-05:00","image":{"id":1621535359075,"created_at":"2025-04-14T04:12:00-04:00","src":"https://cdn.shopify.com/s/files/1/0580/7659/4275/collections/NEW_Arrival.webp?v=1755515343","alt":null},"products_count":668},{"id":287720833123,"title":"DRESSES","handle":"dresses","description":"","published_at":"2025-04-08T08:35:55-04:00","updated_at":"2026-02-26T06:32:52-05:00","image":{"id":1621501083747,"created_at":"2025-04-08T08:35:53-04:00","src":"https://cdn.shopify.com/s/files/1/0580/7659/4275/collections/S80944c9fa0e34a68970b8893b9dcd948b.jpg?v=1755501053","alt":null},"products_count":152},{"id":286183522403,"title":"Garden Tools","handle":"garden-tools","description":"","published_at":"2025-02-20T07:33:00-05:00","updated_at":"2026-02-26T06:31:38-05:00","image":{"id":1621273968739,"created_at":"2025-03-03T01:09:14-05:00","src":"https://cdn.shopify.com/s/files/1/0580/7659/4275/collections/S71a39970ef59420aadd84cf388890650b_b2ccada1-193d-4dc4-be9a-afa166d7689b.webp?v=1755495049","alt":null},"products_count":64},{"id":292755439715,"title":"DIGITAL PRODUCTS","handle":"digital-products","description":"","published_at":"2025-11-06T06:59:10-05:00","updated_at":"2026-02-25T07:19:54-05:00","image":{"id":1623500456035,"created_at":"2025-11-26T00:36:07-05:00","src":"https://cdn.shopify.com/s/files/1/0580/7659/4275/collections/WEEKLYEXERCISEPLANNER.png?v=1764135367","alt":null},"products_count":6},{"id":287617941603,"title":"Summer Collection","handle":"summer-collection","description":"","published_at":"2025-04-04T08:33:10-04:00","updated_at":"2026-02-24T09:43:04-05:00","image":{"id":1621481226339,"created_at":"2025-04-04T08:34:00-04:00","src":"https://cdn.shopify.com/s/files/1/0580/7659/4275/collections/S9cfbdc9424de4e77ab1acf290bc085bcg.webp?v=1755861373","alt":null},"products_count":256},{"id":287872319587,"title":"WOMEN TOPS","handle":"women-tops","description":"","published_at":"2025-04-14T07:42:39-04:00","updated_at":"2026-02-24T09:43:04-05:00","image":{"id":1621540470883,"created_at":"2025-04-15T03:42:37-04:00","src":"https://cdn.shopify.com/s/files/1/0580/7659/4275/collections/Sae2a771068084dfeace1767a64db9344a.webp?v=1755501338","alt":null},"products_count":21},{"id":285122855011,"title":"WOMEN WEAR","handle":"women-wear","description":"","published_at":"2025-01-17T11:21:30-05:00","updated_at":"2026-02-24T09:43:04-05:00","image":{"id":1621535064163,"created_at":"2025-04-14T03:32:56-04:00","src":"https://cdn.shopify.com/s/files/1/0580/7659/4275/collections/Sa96d467adfaa4691ae1bb7dbdf6f2edbM.webp?v=1744615976","alt":null},"products_count":164},{"id":280390893667,"title":"Books By Author Courtney R. Jones","handle":"books","description":"<p><span>The Senior &amp; Living Legacy Planner ® is your comprehensive toolkit for planning and organizing your future. With this planner by your side, you can rest assured that your affairs are in order and your legacy is protected.</span></p>","published_at":"2024-08-26T17:19:36-04:00","updated_at":"2026-02-24T07:43:30-05:00","image":{"id":1620896907363,"created_at":"2024-12-08T05:10:42-05:00","src":"https://cdn.shopify.com/s/files/1/0580/7659/4275/collections/The_Living_Legacy_Planner_book_53bd61a3-416c-4602-a6db-711bcdec8f6b.jpg?v=1733846102","alt":"Courtney R jones"},"products_count":4},{"id":287952797795,"title":"FACE MASK","handle":"face-mask","description":"","published_at":"2025-04-17T06:24:27-04:00","updated_at":"2026-02-24T07:18:26-05:00","image":{"id":1621658370147,"created_at":"2025-05-07T06:37:52-04:00","src":"https://cdn.shopify.com/s/files/1/0580/7659/4275/collections/S6564cb1e51f04729a2c13c48129378fb3_1.webp?v=1755861559","alt":null},"products_count":20},{"id":286768169059,"title":"MEDICAL ACCESSORIES","handle":"medical-accessories","description":"","published_at":"2025-03-11T07:34:23-04:00","updated_at":"2026-02-24T07:18:26-05:00","image":{"id":1621535228003,"created_at":"2025-04-14T03:44:53-04:00","src":"https://cdn.shopify.com/s/files/1/0580/7659/4275/collections/S27bc591dc42e480091996e64954e7210C_3e2440dd-7bc7-4b1d-be79-abed92d7fb90.webp?v=1755495694","alt":null},"products_count":24},{"id":286768070755,"title":"PERSONAL CARE","handle":"personal-care","description":"","published_at":"2025-03-11T07:31:33-04:00","updated_at":"2026-02-24T07:18:26-05:00","image":{"id":1621323546723,"created_at":"2025-03-12T07:55:38-04:00","src":"https://cdn.shopify.com/s/files/1/0580/7659/4275/collections/H757f2831a16846aa9ae8fddc86914b66t.webp?v=1755501866","alt":null},"products_count":62},{"id":287928680547,"title":"Men Collection","handle":"men-collection","description":"","published_at":"2025-04-16T06:01:16-04:00","updated_at":"2026-02-23T07:09:28-05:00","image":{"id":1621549908067,"created_at":"2025-04-17T06:23:52-04:00","src":"https://cdn.shopify.com/s/files/1/0580/7659/4275/collections/S32d03481f91d457d90f89d074409465aC.webp?v=1755607119","alt":null},"products_count":89},{"id":287618138211,"title":"TROUSERS","handle":"trousers","description":"","published_at":"2025-04-04T08:39:30-04:00","updated_at":"2026-02-23T07:09:28-05:00","image":{"id":1621481324643,"created_at":"2025-04-04T08:39:57-04:00","src":"https://cdn.shopify.com/s/files/1/0580/7659/4275/collections/Hbc9f5a4c19ba48e189ebf8784245d4f4J.webp?v=1755607478","alt":null},"products_count":29},{"id":287803244643,"title":"JEANS","handle":"jeans","description":"","published_at":"2025-04-11T03:01:07-04:00","updated_at":"2026-02-23T06:24:19-05:00","image":{"id":1621514190947,"created_at":"2025-04-11T03:01:37-04:00","src":"https://cdn.shopify.com/s/files/1/0580/7659/4275/collections/S0d9b7fe6a876449a9eda50125a06606dB.webp?v=1755607345","alt":null},"products_count":25},{"id":289742487651,"title":"CANDLES","handle":"candles","description":"","published_at":"2025-06-27T08:28:16-04:00","updated_at":"2026-02-23T06:05:38-05:00","image":{"id":1621908619363,"created_at":"2025-06-27T08:28:15-04:00","src":"https://cdn.shopify.com/s/files/1/0580/7659/4275/collections/Sb69f416eb6934b328017120bcf9813fc7.webp?v=1755495299","alt":null},"products_count":25},{"id":291805495395,"title":"CAR DIFFUSER","handle":"car-diffuser","description":"","published_at":"2025-09-24T08:34:37-04:00","updated_at":"2026-02-23T06:05:38-05:00","image":{"id":1622228697187,"created_at":"2025-09-24T08:34:36-04:00","src":"https://cdn.shopify.com/s/files/1/0580/7659/4275/collections/strawberry-cheesecake-car-diffuser-car-diffusers-strawberry-car-diffuser-8624474_9115267e-b607-43a3-ad71-83f26da0479c.jpg?v=1758717276","alt":null},"products_count":0},{"id":293364203619,"title":"COOKING ESSENTIAL","handle":"cooking-essential","description":"","published_at":"2025-12-01T06:50:41-05:00","updated_at":"2026-02-23T06:05:38-05:00","image":null,"products_count":6},{"id":291344646243,"title":"GIFTS","handle":"gifts","description":"","published_at":"2025-09-01T03:41:43-04:00","updated_at":"2026-02-23T06:05:38-05:00","image":{"id":1622176333923,"created_at":"2025-09-09T08:15:52-04:00","src":"https://cdn.shopify.com/s/files/1/0580/7659/4275/collections/TOYS_GIFTS_98a187b6-28fd-429a-8469-dc922b09312b.png?v=1757420152","alt":null},"products_count":0},{"id":291805528163,"title":"PAINTINGS","handle":"paintings","description":"","published_at":"2025-09-24T08:37:10-04:00","updated_at":"2026-02-23T06:05:38-05:00","image":{"id":1622228729955,"created_at":"2025-09-24T08:37:09-04:00","src":"https://cdn.shopify.com/s/files/1/0580/7659/4275/collections/Comparison-Front-90-2x3-180.jpg?v=1758717429","alt":null},"products_count":0},{"id":293364367459,"title":"PET ESSENTIAL","handle":"pet-essential","description":"","published_at":"2025-12-01T07:00:30-05:00","updated_at":"2026-02-23T06:05:38-05:00","image":null,"products_count":2},{"id":291824664675,"title":"PLANTER & SPIKE","handle":"planter-spike","description":"","published_at":"2025-09-25T02:51:38-04:00","updated_at":"2026-02-23T06:05:38-05:00","image":{"id":1622231449699,"created_at":"2025-09-25T02:51:37-04:00","src":"https://cdn.shopify.com/s/files/1/0580/7659/4275/collections/Three_air_plants_in_textured_stone-like_pots_on_a_light_blue_background.png?v=1758783098","alt":null},"products_count":0},{"id":293177589859,"title":"ROBE","handle":"robe","description":"","published_at":"2025-11-24T03:31:24-05:00","updated_at":"2026-02-23T06:05:38-05:00","image":{"id":1623608000611,"created_at":"2025-12-10T00:57:09-05:00","src":"https://cdn.shopify.com/s/files/1/0580/7659/4275/collections/bestgiftformen.jpg?v=1765346229","alt":null},"products_count":31},{"id":291344547939,"title":"TOYS","handle":"toys","description":"","published_at":"2025-09-01T03:35:56-04:00","updated_at":"2026-02-23T06:05:38-05:00","image":{"id":1622176301155,"created_at":"2025-09-09T08:15:26-04:00","src":"https://cdn.shopify.com/s/files/1/0580/7659/4275/collections/TOYS_GIFTS.png?v=1757420126","alt":null},"products_count":0},{"id":287892766819,"title":"LONG DRESSES","handle":"long-dresses","description":"","published_at":"2025-04-15T03:16:59-04:00","updated_at":"2026-02-23T06:05:37-05:00","image":{"id":1621540438115,"created_at":"2025-04-15T03:41:36-04:00","src":"https://cdn.shopify.com/s/files/1/0580/7659/4275/collections/S189048b893a44398b6ed47090336cc32C.webp?v=1755501456","alt":null},"products_count":50},{"id":287893094499,"title":"NIGHT DRESSES","handle":"night-dresses","description":"","published_at":"2025-04-15T03:43:31-04:00","updated_at":"2026-02-23T06:05:37-05:00","image":{"id":1621540536419,"created_at":"2025-04-15T03:45:49-04:00","src":"https://cdn.shopify.com/s/files/1/0580/7659/4275/collections/S4a24d18b459b449880a843e3d0e33f0bL.webp?v=1755501550","alt":null},"products_count":13},{"id":288268320867,"title":"SHOPPING BAGS / JUTE BAGS","handle":"shopping-bags-jute-bags","description":"","published_at":"2025-04-28T07:34:49-04:00","updated_at":"2026-02-23T06:05:37-05:00","image":{"id":1621612822627,"created_at":"2025-04-28T08:54:06-04:00","src":"https://cdn.shopify.com/s/files/1/0580/7659/4275/collections/H840e7ba3d5094dc1b058b991740cac99w.webp?v=1755495375","alt":null},"products_count":37},{"id":287618007139,"title":"T-SHIRT","handle":"t-shirt","description":"","published_at":"2025-04-04T08:37:06-04:00","updated_at":"2026-02-23T06:05:37-05:00","image":{"id":1621481291875,"created_at":"2025-04-04T08:37:05-04:00","src":"https://cdn.shopify.com/s/files/1/0580/7659/4275/collections/S994996f143a24b16af8a913f33a90142d.webp?v=1755607283","alt":"T-shirt"},"products_count":25},{"id":288888127587,"title":"UNIQUE PRODUCTS","handle":"unique-products","description":"","published_at":"2025-05-23T01:05:21-04:00","updated_at":"2026-02-23T06:05:37-05:00","image":{"id":1621812084835,"created_at":"2025-06-12T07:11:11-04:00","src":"https://cdn.shopify.com/s/files/1/0580/7659/4275/collections/S9d4308f6d71545af8ca32c12da039c65m.webp?v=1749726671","alt":null},"products_count":30},{"id":286183489635,"title":"Garden Gloves","handle":"garden-gloves","description":"","published_at":"2025-02-20T07:26:31-05:00","updated_at":"2026-02-23T06:05:36-05:00","image":{"id":1621274001507,"created_at":"2025-03-03T01:10:12-05:00","src":"https://cdn.shopify.com/s/files/1/0580/7659/4275/collections/S790c2e0996d5482aadc24458d00fc5bdl_ba40c75d-094a-44ee-b340-59fda3b9f2ec.webp?v=1755494955","alt":null},"products_count":9},{"id":285389160547,"title":"GLOVES","handle":"gloves","description":"","published_at":"2025-01-27T09:54:34-05:00","updated_at":"2026-02-23T06:05:36-05:00","image":{"id":1621535162467,"created_at":"2025-04-14T03:38:31-04:00","src":"https://cdn.shopify.com/s/files/1/0580/7659/4275/collections/Se212caae1a83483d95becb3e0684f3744.webp?v=1755505201","alt":null},"products_count":9},{"id":286767972451,"title":"HAIR ACCESSORIES","handle":"hair-accessories","description":"","published_at":"2025-03-11T07:29:18-04:00","updated_at":"2026-02-23T06:05:36-05:00","image":{"id":1621535129699,"created_at":"2025-04-14T03:36:15-04:00","src":"https://cdn.shopify.com/s/files/1/0580/7659/4275/collections/Hair.webp?v=1755497407","alt":null},"products_count":10},{"id":286315872355,"title":"PET ACCESSORIES","handle":"pet-assocerries","description":"","published_at":"2025-02-25T08:02:55-05:00","updated_at":"2026-02-23T06:05:36-05:00","image":{"id":1621273935971,"created_at":"2025-03-03T01:08:29-05:00","src":"https://cdn.shopify.com/s/files/1/0580/7659/4275/collections/S75232062833345f98a37dc43c5e963e9L_7383b6a1-d842-44ea-8893-ab56e6783c81.webp?v=1755494852","alt":null},"products_count":35},{"id":286520803427,"title":"Tools","handle":"tools","description":"","published_at":"2025-03-03T02:02:14-05:00","updated_at":"2026-02-23T06:05:36-05:00","image":{"id":1621535195235,"created_at":"2025-04-14T03:40:48-04:00","src":"https://cdn.shopify.com/s/files/1/0580/7659/4275/collections/S78c297a9b9e040dbb70188142ead455bq.webp?v=1755494620","alt":null},"products_count":26},{"id":286799298659,"title":"WALKING STICK","handle":"walking-stick","description":"","published_at":"2025-03-12T06:59:39-04:00","updated_at":"2026-02-23T06:05:36-05:00","image":{"id":1621535326307,"created_at":"2025-04-14T03:47:15-04:00","src":"https://cdn.shopify.com/s/files/1/0580/7659/4275/collections/S4344a89d06824031962c535c0a771936R.webp?v=1755495776","alt":null},"products_count":7},{"id":285535240291,"title":"WOMEN COAT / JACKET","handle":"women-jacket","description":"","published_at":"2025-01-29T13:33:59-05:00","updated_at":"2026-02-23T06:05:36-05:00","image":null,"products_count":4},{"id":284296872035,"title":"Artificial Aquarium Decor Plants","handle":"artificial-aquarium-decor-plants","description":"","published_at":"2024-12-19T09:05:35-05:00","updated_at":"2026-02-23T06:05:35-05:00","image":{"id":1620954087523,"created_at":"2024-12-19T09:05:34-05:00","src":"https://cdn.shopify.com/s/files/1/0580/7659/4275/collections/Se6d6442625654856ba5481d6cde9e34eE.webp?v=1755495440","alt":null},"products_count":10},{"id":284271575139,"title":"Can and Jar Lid Screwer Non-slip Twist Bottle Opener","handle":"jaar-opener","description":"","published_at":"2024-12-18T11:47:39-05:00","updated_at":"2026-02-23T06:05:35-05:00","image":{"id":1620950417507,"created_at":"2024-12-18T11:47:38-05:00","src":"https://cdn.shopify.com/s/files/1/0580/7659/4275/collections/Sa6f5eb2fc5074499892956723e6f57a6m.webp?v=1734540459","alt":null},"products_count":7},{"id":284296183907,"title":"Clock Wall Decoration for Living Room & Home","handle":"clock-wall-decoration-for-living-room-home","description":"","published_at":"2024-12-19T08:50:14-05:00","updated_at":"2026-02-23T06:05:35-05:00","image":{"id":1620953989219,"created_at":"2024-12-19T08:50:12-05:00","src":"https://cdn.shopify.com/s/files/1/0580/7659/4275/collections/Sb7dabcefed8a410197d37e2f363daea5f.webp?v=1755495501","alt":null},"products_count":4},{"id":285291511907,"title":"COOKWARE","handle":"cookware","description":"","published_at":"2025-01-23T10:50:38-05:00","updated_at":"2026-02-23T06:05:35-05:00","image":{"id":1621535096931,"created_at":"2025-04-14T03:34:59-04:00","src":"https://cdn.shopify.com/s/files/1/0580/7659/4275/collections/Cookware.webp?v=1755495152","alt":"Cookware Set"},"products_count":64},{"id":284258992227,"title":"Cute Night lamp","handle":"cute-night-lamp","description":"","published_at":"2024-12-18T06:39:44-05:00","updated_at":"2026-02-23T06:05:35-05:00","image":{"id":1620945829987,"created_at":"2024-12-18T06:39:43-05:00","src":"https://cdn.shopify.com/s/files/1/0580/7659/4275/collections/H47bc00be8e1f4217b3b93345d2b38b90j.webp?v=1755495573","alt":null},"products_count":5},{"id":284296708195,"title":"Handmade Tubes Bamboo Bell Natural Wind","handle":"handmade-tubes-bamboo-bell-natural-wind","description":"","published_at":"2024-12-19T08:59:54-05:00","updated_at":"2026-02-23T06:05:35-05:00","image":{"id":1620954054755,"created_at":"2024-12-19T08:59:53-05:00","src":"https://cdn.shopify.com/s/files/1/0580/7659/4275/collections/Sfdd496fb57e246ae80802bef2f3d9728v.webp?v=1734616794","alt":null},"products_count":2},{"id":285123412067,"title":"HOME DECOR","handle":"home-decor","description":"","published_at":"2025-01-17T11:36:20-05:00","updated_at":"2026-02-23T06:05:35-05:00","image":{"id":1621535293539,"created_at":"2025-04-14T03:46:29-04:00","src":"https://cdn.shopify.com/s/files/1/0580/7659/4275/collections/S73fb4081be1a4ea085057cca49734b44u_b1d15a8a-c945-422f-9214-e27e3feb752c.webp?v=1755495233","alt":null},"products_count":60},{"id":284205908067,"title":"Men Kaftan","handle":"men-kaftan","description":"","published_at":"2024-12-16T12:07:22-05:00","updated_at":"2026-02-23T06:05:35-05:00","image":{"id":1620936130659,"created_at":"2024-12-16T12:07:21-05:00","src":"https://cdn.shopify.com/s/files/1/0580/7659/4275/collections/Sdf9bf4afdaad4e2099364124f055e5bcB_e33b3fdb-08da-4ed9-a712-7ef63cd27e87.webp?v=1755607557","alt":null},"products_count":0},{"id":285345972323,"title":"MENS JACKET","handle":"mens-jacket","description":"","published_at":"2025-01-25T13:30:54-05:00","updated_at":"2026-02-23T06:05:35-05:00","image":null,"products_count":6},{"id":284296478819,"title":"Shopping Bag Market Trolley Bag with Wheels Collapsible","handle":"shopping-bag-market-trolley-bag-with-wheels-collapsible","description":"","published_at":"2024-12-19T08:54:37-05:00","updated_at":"2026-02-23T06:05:35-05:00","image":{"id":1620954021987,"created_at":"2024-12-19T08:54:36-05:00","src":"https://cdn.shopify.com/s/files/1/0580/7659/4275/collections/S3ced18a48e0c42cf9e6cd4c464cb6b47t.webp?v=1734616477","alt":null},"products_count":3},{"id":285123117155,"title":"WINTER WEAR","handle":"winter-wear","description":"","published_at":"2025-01-17T11:25:15-05:00","updated_at":"2026-02-23T06:05:35-05:00","image":null,"products_count":29},{"id":284020867171,"title":"Adult Mealtime Bib","handle":"adult-mealtime-bib","description":"<p>Stay neat and stylish during mealtime with our versatile <strong>Adult Mealtime Bib</strong>. Designed with practicality, comfort, and style in mind, this bib is perfect for individuals with limited mobility, eating challenges, or simply for those who want to avoid messy spills during meals.</p>","published_at":"2024-12-10T11:01:51-05:00","updated_at":"2026-02-23T06:05:34-05:00","image":{"id":1620905525347,"created_at":"2024-12-10T11:01:50-05:00","src":"https://cdn.shopify.com/s/files/1/0580/7659/4275/collections/243414c3-cc7d-4a95-be62-28bc342db7a8989699.png?v=1755498113","alt":null},"products_count":2},{"id":284024733795,"title":"Arthritic Gloves start at $10","handle":"arthritic-gloves-start-at-10","description":"<p>Designed to provide relief and support, these <strong>Arthritic Gloves</strong> are perfect for seniors suffering from arthritis, joint pain, or poor circulation. Crafted with soft, breathable fabric, they offer gentle compression to reduce swelling, improve mobility, and ease hand stiffness.</p>","published_at":"2024-12-10T13:14:19-05:00","updated_at":"2026-02-23T06:05:34-05:00","image":{"id":1620905721955,"created_at":"2024-12-10T13:14:18-05:00","src":"https://cdn.shopify.com/s/files/1/0580/7659/4275/collections/e9426547-6264-40d6-86c9-a9fa33e47114021732_00cc3740-c564-4add-9ac3-18cbd82f37fd.png?v=1733854458","alt":null},"products_count":5},{"id":284083912803,"title":"Colorful Printed Beach Dress Women  Kaftan Home wear","handle":"colorful-printed-beach-dress-women-kaftan-home-wear","description":"","published_at":"2024-12-12T04:47:15-05:00","updated_at":"2026-02-23T06:05:34-05:00","image":{"id":1620911226979,"created_at":"2024-12-12T04:47:13-05:00","src":"https://cdn.shopify.com/s/files/1/0580/7659/4275/collections/S58d43ca8a3744cad8e928653d9a99d18S_3cc22047-f33d-43c8-b0d3-2b6106331ec2.webp?v=1733996894","alt":null},"products_count":0},{"id":284063105123,"title":"Kitchen item","handle":"kitchen-item","description":"","published_at":"2024-12-11T12:15:59-05:00","updated_at":"2026-02-23T06:05:34-05:00","image":{"id":1620909162595,"created_at":"2024-12-11T12:22:53-05:00","src":"https://cdn.shopify.com/s/files/1/0580/7659/4275/collections/S7e19c4677d3c4be88f01691c8a9c54a8P.webp?v=1733937774","alt":null},"products_count":7},{"id":284062974051,"title":"Portable Handle Handheld Magnifying Glass","handle":"portable-handle-handheld-magnifying-glass","description":"","published_at":"2024-12-11T12:07:11-05:00","updated_at":"2026-02-23T06:05:34-05:00","image":{"id":1620909129827,"created_at":"2024-12-11T12:07:09-05:00","src":"https://cdn.shopify.com/s/files/1/0580/7659/4275/collections/Sc0dd9ae18aaa4d83a7242cbc64976d6ap_9eb47c35-4596-47e4-a474-602c36834981.webp?v=1734014639","alt":null},"products_count":0},{"id":284082733155,"title":"Thermal wear","handle":"thermal-underwear-sets-men-women","description":"","published_at":"2024-12-12T04:14:57-05:00","updated_at":"2026-02-23T06:05:34-05:00","image":{"id":1620911161443,"created_at":"2024-12-12T04:14:55-05:00","src":"https://cdn.shopify.com/s/files/1/0580/7659/4275/collections/b14e7b9b-bfd6-4bce-8c70-59b2fa761a3f706372.png?v=1733994896","alt":null},"products_count":8},{"id":284092891235,"title":"Winter Thicken Long Robe Men Women Flannel Sleepwear","handle":"winter-thicken-long-robe-men-women-flannel-sleepwear","description":"","published_at":"2024-12-12T09:54:52-05:00","updated_at":"2026-02-23T06:05:34-05:00","image":{"id":1620911784035,"created_at":"2024-12-12T09:54:51-05:00","src":"https://cdn.shopify.com/s/files/1/0580/7659/4275/collections/Sf14e2b3278084535a981ada4a5d67250Q_a0d643f9-d6cd-4cc0-a7f8-673ead1d81f4.jpg?v=1734015292","alt":null},"products_count":4},{"id":284062842979,"title":"Wireless LED Night Light Rechargeable","handle":"wireless-led-night-light-rechargeable","description":"","published_at":"2024-12-11T12:03:52-05:00","updated_at":"2026-02-23T06:05:34-05:00","image":{"id":1620909097059,"created_at":"2024-12-11T12:03:51-05:00","src":"https://cdn.shopify.com/s/files/1/0580/7659/4275/collections/1722ad42-cfff-4cd7-9ad6-a4b815c86beb254592.png?v=1733936632","alt":null},"products_count":1}]}