{"generatedAt":"2026-02-26T19:33:22.298Z","source":"shopify-admin-api","blogHandle":"posts","total":6,"posts":[{"id":"gid://shopify/OnlineStoreArticle/572408397923","handle":"home-harmony-captures-the-essence-of-balance-and-well-curated-spaces","url":"https://www.saltonlinestore.com/blog/home-harmony-captures-the-essence-of-balance-and-well-curated-spaces","title":"Home Harmony: Captures the essence of balance and well curated spaces","author":"Courtney Jones","publishedAt":"2025-08-28T08:20:12Z","updatedAt":"","excerpt":"Add a Statement Mirror When it comes to easy yet impactful home updates, a statement mirror is your secret weapon. While mirrors are often thought of as purely functional, the right mirror can do so much more. It has th…","contentHtml":"<h2 dir=\"ltr\"><strong>Add a Statement Mirror</strong></h2>\n<p dir=\"ltr\"><span>When it comes to easy yet impactful home updates, a statement mirror is your secret weapon. While mirrors are often thought of as purely functional, the right mirror can do so much more. It has the power to visually expand a room, reflect natural light, and act as a focal piece of wall art all in one elegant touch.</span></p>\n<p dir=\"ltr\"><span>Mirrors work especially well in small or dimly lit spaces, where every bit of light and depth counts. Placing a large mirror opposite a window, for instance, not only brightens the space but also brings a fresh, airy feel that instantly lifts the mood of the room.</span></p>\n<p dir=\"ltr\"><span>Try hanging a round brass mirror above a console table in your entryway or living room. The soft curves bring balance to straight lines, while the warm metallic finish adds a touch of luxury. If you want something bolder, go for an oversized floor mirror leaned casually against a wall in your bedroom or hallway. It’s not just practical it makes a style statement.</span></p>\n<p dir=\"ltr\"><span>Don’t be afraid to get creative with shapes, frames, and placements. From arched vintage styles to sleek frameless designs, mirrors can complement almost any aesthetic from minimal and modern to boho and traditional.</span><b></b></p>\n<h2 dir=\"ltr\"><strong>Play with Texture</strong></h2>\n<p dir=\"ltr\"><span>The addition of textures creates depth and dimension. Think about a chunky throw on a leather sofa, velvet pillows on linen chairs, or woven baskets underneath a console. To complete the look, explore the best &amp; easy flooring options that complement your decor whether it's sleek hardwood, cozy carpet, or textured vinyl. For those seeking style without the hassle, solutions make updates seamless. These choices are perfect for transforming any space, especially in residential flooring settings where comfort and character matter most.</span><b></b></p>\n<p dir=\"ltr\"><span>1)Design Tips for a Stunning Gallery Wall.</span></p>\n<p dir=\"ltr\"><span>2)Keep to one color palette (e.g. Black + white, neutrals and pastels).</span></p>\n<p dir=\"ltr\"><span>3)Mix frame styles, but only use 2-3 finishes.</span></p>\n<p dir=\"ltr\"><span>4)Use mats to raise smaller prints.</span></p>\n<p dir=\"ltr\"><span>5)Include non-traditional items like woven hangings or mirrors.</span></p>\n<h2 dir=\"ltr\"><strong>Peace with Greenery </strong></h2>\n<p dir=\"ltr\"><span>The perfect houseplants for American interiors range from cozy apartments to modern farmhouses. This post explores how you can use greenery to complement your style whether it’s rustic charm, minimalist design, or boho vibes. While live plants add a fresh touch, artificial plants and fake plants are ideal for those who want the look without the upkeep. These home decor plants offer the same visual appeal and versatility, making them perfect for any room. Learn how to style both real and faux greenery, including easy-care options like pothos, snake plants, and ZZ plants. Get tips on planters, placement, and combinations that make your home feel alive, stylish and uniquely yours.</span><b><br></b></p>\n<h2 dir=\"ltr\"><strong>Gallery Wall Magic</strong></h2>\n<p dir=\"ltr\"><span>Few décor projects are as visually rewarding or as fun as creating your own gallery wall. It’s the perfect way to showcase your personality, style, and memories all in one beautifully curated space. Whether you're working with a blank wall in your hallway, living room, or even a stairwell, a gallery wall brings visual interest and storytelling into your home.</span></p>\n<p dir=\"ltr\"><span>Start by selecting your foundation: framed art prints, personal photographs, illustrations, or even 3D wall-mounted objects like small shelves, mirrors or woven pieces. The best gallery walls strike a balance between consistency and creativity. Stick to a cohesive color palette and use matching or coordinating frames. Feeling bold? Mix frame styles, colors, and artwork sizes for an eclectic, collected-over-time aesthetic. Add a few unexpected pieces like a vintage postcard, a handwritten note, or a shadow box to give your wall extra character and dimension.</span></p>\n<h2 dir=\"ltr\"><strong>Upgrade Your Lighting</strong></h2>\n<p dir=\"ltr\"><span>Lighting does more than just help us see - it sets the entire mood of a room. If your space feels flat or uninspired, it might be time for a lighting refresh. Swapping out outdated fixtures or layering in different types of lighting can transform a space from stark and cold to warm and inviting. Start with your main overhead lighting. Replacing basic builder-grade fixtures with modern ceiling lamps like pendant lights, chic chandeliers, or sculptural designs adds instant personality to your space. Choose styles that match or contrast with your décor for a curated, intentional look.</span></p>\n<p dir=\"ltr\"><span>To complement your ceiling lighting, consider elegant ceramic or porcelain table lamps - perfect for adding texture and warmth to any room. Plus, with many stylish options available under $700 and currently on sale, updating your lighting has never been more affordable.</span></p>\n<p dir=\"ltr\"><span>Use dimmable bulbs or smart lighting systems to control the ambiance throughout the day: bright and energizing in the morning, soft and calming at night.</span></p>\n<h2 dir=\"ltr\"><strong>Incorporate Scent Décor</strong></h2>\n<p dir=\"ltr\"><span>Scent décor is the often overlooked secret to creating a truly immersive and memorable space. The right fragrance can instantly shift the energy in a room, making it feel cozy, refreshing, or luxuriously calm.</span></p>\n<p dir=\"ltr\"><span>Think beyond aesthetics and start curating your space with scented elements like candles, essential oil diffusers, wax melts or incense sticks. These small additions don’t just smell amazing they also double as decorative accents, adding style and warmth to shelves, nightstands, and coffee tables.</span></p>\n<p dir=\"ltr\"><span>Incorporating it into your décor is more than just about fragrance it's about creating a home that feels as good as it looks.</span></p>\n<h2 dir=\"ltr\"><strong>Personalize with Vintage Finds</strong></h2>\n<p dir=\"ltr\"><span>Drape a linen fabric throw over a vintage armchair to merge rustic charm with breathable elegance its lived in wrinkles only enhance the story.</span></p>\n<p dir=\"ltr\"><span>Include a vintage quilt fashioned from patchwork or quilting fabric, repurposed as a wall hanging or cozy layering piece on your bed or sofa to pull in color and craftsmanship.</span></p>\n<p dir=\"ltr\"><span>Choose new cotton duvet covers especially in timeless patterns or neutral hues - to ground your bedding in softness while tying together vintage and modern elements.</span></p>\n<p dir=\"ltr\"><span>If you want your home to feel uniquely yours, vintage décor is the way to go. Unlike mass-produced items, antique pieces come with history, charm, and a story that immediately adds depth and personality to any space. Envision a mid-century sideboard anchoring your dining room, an ornate antique mirror above the mantel, or a weathered trunk repurposed as a coffee table each element creating a curated, layered look that feels collected, not just bought off a shelf.</span></p>","image":"https://cdn.shopify.com/s/files/1/0580/7659/4275/articles/Untitled_design_2_1.png?v=1756372972"},{"id":"gid://shopify/OnlineStoreArticle/572349055075","handle":"know-how-to-use-specific-gardening-tools-for-your-lawn-and-home-yards-care","url":"https://www.saltonlinestore.com/blog/know-how-to-use-specific-gardening-tools-for-your-lawn-and-home-yards-care","title":"Know how to use specific Gardening Tools for your Lawn & Yards care","author":"Courtney Jones","publishedAt":"2025-08-06T11:55:49Z","updatedAt":"","excerpt":"🌿The Hori‑Hori Knife: Your Swiss‑Army Tool for the Home Garden Two blades, one tool: One beveled edge slices cleanly through roots and small stems, while the opposite serrated side saws through compacted soil, taproots…","contentHtml":"<h1 dir=\"ltr\" bis_size='{\"x\":12,\"y\":9,\"w\":560,\"h\":442,\"abs_x\":428,\"abs_y\":269}'><strong bis_size='{\"x\":12,\"y\":415,\"w\":560,\"h\":37,\"abs_x\":428,\"abs_y\":675}'><img src=\"https://cdn.shopify.com/s/files/1/0580/7659/4275/files/Blog_Post_Saltonlinestore.com_1.jpg?v=1754482963\" alt=\"\" bis_size='{\"x\":12,\"y\":9,\"w\":560,\"h\":420,\"abs_x\":428,\"abs_y\":269}'></strong></h1>\n<h1 dir=\"ltr\" bis_size='{\"x\":12,\"y\":463,\"w\":560,\"h\":33,\"abs_x\":428,\"abs_y\":723}'><strong bis_size='{\"x\":12,\"y\":461,\"w\":326,\"h\":37,\"abs_x\":428,\"abs_y\":721}'>🌿The Hori‑Hori Knife: </strong></h1>\n<h2 dir=\"ltr\" bis_size='{\"x\":12,\"y\":509,\"w\":560,\"h\":29,\"abs_x\":428,\"abs_y\":769}'><strong bis_size='{\"x\":12,\"y\":509,\"w\":452,\"h\":28,\"abs_x\":428,\"abs_y\":769}'>Your Swiss‑Army Tool for the Home Garden</strong></h2>\n<p dir=\"ltr\" bis_size='{\"x\":12,\"y\":549,\"w\":560,\"h\":58,\"abs_x\":428,\"abs_y\":809}'><span bis_size='{\"x\":12,\"y\":549,\"w\":550,\"h\":57,\"abs_x\":428,\"abs_y\":809}'>Two blades, one tool: One beveled edge slices cleanly through roots and small stems, while the opposite serrated side saws through compacted soil, taproots, and even garden twine with ease</span></p>\n<p dir=\"ltr\" bis_size='{\"x\":12,\"y\":624,\"w\":560,\"h\":78,\"abs_x\":428,\"abs_y\":884}'><span bis_size='{\"x\":12,\"y\":624,\"w\":557,\"h\":38,\"abs_x\":428,\"abs_y\":884}'>Depth markings built in: Inch‑and‑centimeter etchings on the blade act as a dibbler—ideal for planting bulbs or transplants at precise depths, so you ditch the ruler.</span><span bis_size='{\"x\":461,\"y\":643,\"w\":0,\"h\":18,\"abs_x\":877,\"abs_y\":903}'><br bis_size='{\"x\":461,\"y\":643,\"w\":0,\"h\":18,\"abs_x\":877,\"abs_y\":903}'></span><span bis_size='{\"x\":12,\"y\":663,\"w\":297,\"h\":18,\"abs_x\":428,\"abs_y\":923}'>Trowel, weeder, saw, dibbler without the bulk: A </span><a href=\"https://www.saltonlinestore.com/products/hori-hori-ultra-sharp-garden-digging-knife\" bis_size='{\"x\":309,\"y\":663,\"w\":54,\"h\":18,\"abs_x\":725,\"abs_y\":923}'><span bis_size='{\"x\":309,\"y\":663,\"w\":54,\"h\":18,\"abs_x\":725,\"abs_y\":923}'>hori‑hori</span></a><span bis_size='{\"x\":12,\"y\":663,\"w\":526,\"h\":38,\"abs_x\":428,\"abs_y\":923}'> does the job of at least four separate tools in one 7″ - 9″ (18–23 cm) implement</span></p>\n<p dir=\"ltr\" bis_size='{\"x\":12,\"y\":718,\"w\":560,\"h\":58,\"abs_x\":428,\"abs_y\":978}'><span bis_size='{\"x\":12,\"y\":718,\"w\":558,\"h\":57,\"abs_x\":428,\"abs_y\":978}'>Built to last: Many models feature full tang stainless‑ or carbon‑steel blades and hardwood handles riveted for strength; most come with leather or plastic sheaths that clip to your belt, so the tool is always at hand and out of harm’s way.</span><b bis_size='{\"x\":361,\"y\":757,\"w\":0,\"h\":18,\"abs_x\":777,\"abs_y\":1017}'><br bis_size='{\"x\":361,\"y\":757,\"w\":0,\"h\":18,\"abs_x\":777,\"abs_y\":1017}'></b></p>\n<p dir=\"ltr\" bis_size='{\"x\":12,\"y\":793,\"w\":560,\"h\":19,\"abs_x\":428,\"abs_y\":1053}'> </p>\n<h1 bis_size='{\"x\":12,\"y\":828,\"w\":560,\"h\":33,\"abs_x\":428,\"abs_y\":1088}'><strong bis_size='{\"x\":12,\"y\":826,\"w\":205,\"h\":37,\"abs_x\":428,\"abs_y\":1086}'>Felco 2 pruner:</strong></h1>\n<h2 bis_size='{\"x\":12,\"y\":874,\"w\":560,\"h\":29,\"abs_x\":428,\"abs_y\":1134}'>\n<em bis_size='{\"x\":12,\"y\":874,\"w\":0,\"h\":28,\"abs_x\":428,\"abs_y\":1134}'><strong bis_size='{\"x\":12,\"y\":874,\"w\":0,\"h\":28,\"abs_x\":428,\"abs_y\":1134}'></strong></em><strong bis_size='{\"x\":12,\"y\":874,\"w\":289,\"h\":28,\"abs_x\":428,\"abs_y\":1134}'>Why America Loves the F-2?</strong>\n</h2>\n<p dir=\"ltr\" bis_size='{\"x\":12,\"y\":914,\"w\":560,\"h\":98,\"abs_x\":428,\"abs_y\":1174}'><span bis_size='{\"x\":12,\"y\":914,\"w\":553,\"h\":38,\"abs_x\":428,\"abs_y\":1174}'>Enduring Durability, Tested in U.S. Gardens - In independent reviews by gardening experts like </span><span bis_size='{\"x\":36,\"y\":934,\"w\":68,\"h\":18,\"abs_x\":452,\"abs_y\":1194}'>The Spruce</span><span bis_size='{\"x\":12,\"y\":934,\"w\":555,\"h\":77,\"abs_x\":428,\"abs_y\":1194}'>, the Felco F‑2 earned “Best Overall” status for its durability, cutting efficiency, and comfortable ergonomic design. Homeowners and professionals alike praise its ability to cut through branches up to one cleanly even under extended use without chipping bark or jamming.</span></p>\n<p dir=\"ltr\" bis_size='{\"x\":12,\"y\":1028,\"w\":560,\"h\":98,\"abs_x\":428,\"abs_y\":1288}'>Professional Favorite - From Van Nuys, CA to Vermont Nurseries - Landscapers, arborists, and commercial nurseries across the U.S. rely on the F-2 as their go-to pruner. Its ability to be serviced by part replacement helps businesses reduce long‑term tool costs. Gardeners report using personal F‑2s even after university coursework and garden centre work years ago.</p>\n<p dir=\"ltr\" bis_size='{\"x\":12,\"y\":1142,\"w\":560,\"h\":78,\"abs_x\":428,\"abs_y\":1402}'>Replaceable Parts Reflect Core American Values - The sustainability of rejuvenating a worn tool rather than discarding it aligns with the growing “right-to-repair” ethos here. Many U.S. distributors offer free shipping on <a href=\"https://www.saltonlinestore.com/products/heavy-duty-professional-pruning-shears\" bis_size='{\"x\":251,\"y\":1181,\"w\":32,\"h\":18,\"abs_x\":667,\"abs_y\":1441}'>Felco</a> parts, a rare feature in the garden tools industry.</p>\n<p bis_size='{\"x\":12,\"y\":1236,\"w\":560,\"h\":19,\"abs_x\":428,\"abs_y\":1496}'><b bis_size='{\"x\":12,\"y\":1236,\"w\":0,\"h\":18,\"abs_x\":428,\"abs_y\":1496}'><br bis_size='{\"x\":12,\"y\":1236,\"w\":0,\"h\":18,\"abs_x\":428,\"abs_y\":1496}'></b></p>\n<h1 dir=\"ltr\" bis_size='{\"x\":12,\"y\":1272,\"w\":560,\"h\":33,\"abs_x\":428,\"abs_y\":1532}'><strong bis_size='{\"x\":12,\"y\":1270,\"w\":234,\"h\":37,\"abs_x\":428,\"abs_y\":1530}'>Garden Kneelers: </strong></h1>\n<h2 dir=\"ltr\" bis_size='{\"x\":12,\"y\":1318,\"w\":560,\"h\":29,\"abs_x\":428,\"abs_y\":1578}'><strong bis_size='{\"x\":12,\"y\":1318,\"w\":542,\"h\":28,\"abs_x\":428,\"abs_y\":1578}'>The U.S. Secret to Easier, More Accessible Gardening</strong></h2>\n<p dir=\"ltr\" bis_size='{\"x\":12,\"y\":1358,\"w\":560,\"h\":78,\"abs_x\":428,\"abs_y\":1618}'><span bis_size='{\"x\":12,\"y\":1358,\"w\":548,\"h\":77,\"abs_x\":428,\"abs_y\":1618}'>Experience and trends confirm it: the humble garden kneeler cushioned on one side, seat on the other has become an indispensable tool in American gardens large and small. Here's why this versatile accessory has become a staple for every generation of gardener across the United States.</span></p>\n<h2 dir=\"ltr\" bis_size='{\"x\":12,\"y\":1452,\"w\":560,\"h\":29,\"abs_x\":428,\"abs_y\":1712}'>\n<span bis_size='{\"x\":12,\"y\":1452,\"w\":28,\"h\":28,\"abs_x\":428,\"abs_y\":1712}'>🌱</span><span bis_size='{\"x\":40,\"y\":1452,\"w\":462,\"h\":28,\"abs_x\":456,\"abs_y\":1712}'> Dual‑Mode Design, Double the Peace-of-Mind</span>\n</h2>\n<p dir=\"ltr\" bis_size='{\"x\":12,\"y\":1492,\"w\":560,\"h\":78,\"abs_x\":428,\"abs_y\":1752}'><span bis_size='{\"x\":12,\"y\":1492,\"w\":546,\"h\":77,\"abs_x\":428,\"abs_y\":1752}'>A garden kneeler is built for flexibility kneel on a thick pad to plant or prune, then flip it over to enjoy a padded seat during longer sessions. The wider frame helps reduce strain on knees and lower back, while built-in handles make getting up or down safer.Tool That Reflects the Spirit of U.S. Gardening</span></p>\n<p dir=\"ltr\" bis_size='{\"x\":12,\"y\":1586,\"w\":560,\"h\":39,\"abs_x\":428,\"abs_y\":1846}'><em bis_size='{\"x\":12,\"y\":1586,\"w\":99,\"h\":18,\"abs_x\":428,\"abs_y\":1846}'><strong bis_size='{\"x\":12,\"y\":1586,\"w\":99,\"h\":18,\"abs_x\":428,\"abs_y\":1846}'>The stirrup hoe</strong></em><span bis_size='{\"x\":111,\"y\":1586,\"w\":235,\"h\":18,\"abs_x\":527,\"abs_y\":1846}'><em bis_size='{\"x\":111,\"y\":1586,\"w\":3,\"h\":18,\"abs_x\":527,\"abs_y\":1846}'><strong bis_size='{\"x\":111,\"y\":1586,\"w\":3,\"h\":18,\"abs_x\":527,\"abs_y\":1846}'> </strong></em>known by many nicknames including </span><a href=\"https://www.saltonlinestore.com/products/ergonomic-long-handle-weeding-hoe\" bis_size='{\"x\":346,\"y\":1586,\"w\":67,\"h\":18,\"abs_x\":762,\"abs_y\":1846}'><span bis_size='{\"x\":346,\"y\":1586,\"w\":67,\"h\":18,\"abs_x\":762,\"abs_y\":1846}'>scuffle hoe</span></a><span bis_size='{\"x\":413,\"y\":1586,\"w\":6,\"h\":18,\"abs_x\":829,\"abs_y\":1846}'>, </span><span bis_size='{\"x\":420,\"y\":1586,\"w\":89,\"h\":18,\"abs_x\":836,\"abs_y\":1846}'>oscillating hoe</span><span bis_size='{\"x\":509,\"y\":1586,\"w\":6,\"h\":18,\"abs_x\":925,\"abs_y\":1846}'>, </span><span bis_size='{\"x\":12,\"y\":1586,\"w\":542,\"h\":38,\"abs_x\":428,\"abs_y\":1846}'>action hoe</span><span bis_size='{\"x\":35,\"y\":1606,\"w\":23,\"h\":18,\"abs_x\":451,\"abs_y\":1866}'>, or </span><span bis_size='{\"x\":59,\"y\":1606,\"w\":53,\"h\":18,\"abs_x\":475,\"abs_y\":1866}'>hula hoe</span><span bis_size='{\"x\":112,\"y\":1606,\"w\":431,\"h\":18,\"abs_x\":528,\"abs_y\":1866}'> stands out as one of the most practical, ergonomic, and eco‑friendly. </span></p>\n<p dir=\"ltr\" bis_size='{\"x\":12,\"y\":1642,\"w\":560,\"h\":19,\"abs_x\":428,\"abs_y\":1902}'><span bis_size='{\"x\":12,\"y\":1642,\"w\":172,\"h\":18,\"abs_x\":428,\"abs_y\":1902}'>Choosing the Right Model…</span></p>\n<p dir=\"ltr\" bis_size='{\"x\":12,\"y\":1677,\"w\":560,\"h\":39,\"abs_x\":428,\"abs_y\":1937}'><strong bis_size='{\"x\":12,\"y\":1677,\"w\":78,\"h\":18,\"abs_x\":428,\"abs_y\":1937}'>Blade width</strong><span bis_size='{\"x\":12,\"y\":1677,\"w\":535,\"h\":38,\"abs_x\":428,\"abs_y\":1937}'>: 3″ head for narrow rows; 5–7″ for larger beds or paths—choose based on plant spacing.</span></p>\n<p dir=\"ltr\" bis_size='{\"x\":12,\"y\":1732,\"w\":560,\"h\":78,\"abs_x\":428,\"abs_y\":1992}'><strong bis_size='{\"x\":12,\"y\":1732,\"w\":93,\"h\":18,\"abs_x\":428,\"abs_y\":1992}'>Handle length</strong><span bis_size='{\"x\":105,\"y\":1732,\"w\":340,\"h\":18,\"abs_x\":521,\"abs_y\":1992}'><strong bis_size='{\"x\":105,\"y\":1732,\"w\":3,\"h\":18,\"abs_x\":521,\"abs_y\":1992}'>:</strong> Adjustable or 4–5' long handle helps you stay upright.</span><span bis_size='{\"x\":445,\"y\":1732,\"w\":0,\"h\":18,\"abs_x\":861,\"abs_y\":1992}'><br bis_size='{\"x\":445,\"y\":1732,\"w\":0,\"h\":18,\"abs_x\":861,\"abs_y\":1992}'></span><span bis_size='{\"x\":12,\"y\":1752,\"w\":0,\"h\":18,\"abs_x\":428,\"abs_y\":2012}'><br bis_size='{\"x\":12,\"y\":1752,\"w\":0,\"h\":18,\"abs_x\":428,\"abs_y\":2012}'></span><strong bis_size='{\"x\":12,\"y\":1772,\"w\":78,\"h\":18,\"abs_x\":428,\"abs_y\":2032}'>Blade shape</strong><span bis_size='{\"x\":90,\"y\":1772,\"w\":7,\"h\":18,\"abs_x\":506,\"abs_y\":2032}'><strong bis_size='{\"x\":90,\"y\":1772,\"w\":3,\"h\":18,\"abs_x\":506,\"abs_y\":2032}'>:</strong> </span><span bis_size='{\"x\":98,\"y\":1772,\"w\":55,\"h\":18,\"abs_x\":514,\"abs_y\":2032}'>Rounded</span><span bis_size='{\"x\":154,\"y\":1772,\"w\":307,\"h\":18,\"abs_x\":570,\"abs_y\":2032}'> “hoop” style glides easier on hard or gravely soil; </span><span bis_size='{\"x\":462,\"y\":1772,\"w\":19,\"h\":18,\"abs_x\":878,\"abs_y\":2032}'>flat</span><span bis_size='{\"x\":12,\"y\":1772,\"w\":555,\"h\":38,\"abs_x\":428,\"abs_y\":2032}'> blades better slice grassy patches.</span></p>\n<p dir=\"ltr\" bis_size='{\"x\":12,\"y\":1827,\"w\":560,\"h\":39,\"abs_x\":428,\"abs_y\":2087}'><strong bis_size='{\"x\":12,\"y\":1827,\"w\":128,\"h\":18,\"abs_x\":428,\"abs_y\":2087}'>Weight &amp; materials</strong><span bis_size='{\"x\":12,\"y\":1827,\"w\":536,\"h\":38,\"abs_x\":428,\"abs_y\":2087}'><strong bis_size='{\"x\":140,\"y\":1827,\"w\":3,\"h\":18,\"abs_x\":556,\"abs_y\":2087}'>:</strong> Look for lightweight, rust-resistant steel with a sturdy swivel joint especially for pro use or volunteer gardeners.</span></p>\n<p bis_size='{\"x\":12,\"y\":1882,\"w\":560,\"h\":19,\"abs_x\":428,\"abs_y\":2142}'><b bis_size='{\"x\":12,\"y\":1882,\"w\":0,\"h\":18,\"abs_x\":428,\"abs_y\":2142}'><br bis_size='{\"x\":12,\"y\":1882,\"w\":0,\"h\":18,\"abs_x\":428,\"abs_y\":2142}'></b></p>\n<h1 dir=\"ltr\" bis_size='{\"x\":12,\"y\":1918,\"w\":560,\"h\":33,\"abs_x\":428,\"abs_y\":2178}'>\n<strong bis_size='{\"x\":12,\"y\":1915,\"w\":183,\"h\":37,\"abs_x\":428,\"abs_y\":2175}'>Garden carts:</strong><span bis_size='{\"x\":195,\"y\":1915,\"w\":0,\"h\":37,\"abs_x\":611,\"abs_y\":2175}'></span>\n</h1>\n<p dir=\"ltr\" bis_size='{\"x\":12,\"y\":1963,\"w\":560,\"h\":19,\"abs_x\":428,\"abs_y\":2223}'><span bis_size='{\"x\":12,\"y\":1963,\"w\":348,\"h\":18,\"abs_x\":428,\"abs_y\":2223}'>have gained traction across these American user groups:</span></p>\n<ul bis_size='{\"x\":12,\"y\":1999,\"w\":560,\"h\":156,\"abs_x\":428,\"abs_y\":2259}'>\n<li dir=\"ltr\" role=\"presentation\" bis_size='{\"x\":52,\"y\":1999,\"w\":520,\"h\":39,\"abs_x\":468,\"abs_y\":2259}'>\n<strong bis_size='{\"x\":52,\"y\":1999,\"w\":109,\"h\":18,\"abs_x\":468,\"abs_y\":2259}'>Home gardeners</strong><span bis_size='{\"x\":161,\"y\":1999,\"w\":399,\"h\":18,\"abs_x\":577,\"abs_y\":2259}'><strong bis_size='{\"x\":161,\"y\":1999,\"w\":3,\"h\":18,\"abs_x\":577,\"abs_y\":2259}'> </strong>– for tote plants, compost, or clean clippings without back strain</span><span bis_size='{\"x\":52,\"y\":2018,\"w\":0,\"h\":18,\"abs_x\":468,\"abs_y\":2278}'><br bis_size='{\"x\":560,\"y\":1999,\"w\":0,\"h\":18,\"abs_x\":976,\"abs_y\":2259}'><br bis_size='{\"x\":52,\"y\":2018,\"w\":0,\"h\":18,\"abs_x\":468,\"abs_y\":2278}'></span>\n</li>\n<li dir=\"ltr\" role=\"presentation\" bis_size='{\"x\":52,\"y\":2038,\"w\":520,\"h\":58,\"abs_x\":468,\"abs_y\":2298}'>\n<strong bis_size='{\"x\":52,\"y\":2038,\"w\":289,\"h\":18,\"abs_x\":468,\"abs_y\":2298}'>Suburban landscapers &amp; maintenance crews</strong><span bis_size='{\"x\":52,\"y\":2038,\"w\":496,\"h\":38,\"abs_x\":468,\"abs_y\":2298}'><strong bis_size='{\"x\":341,\"y\":2038,\"w\":3,\"h\":18,\"abs_x\":757,\"abs_y\":2298}'> </strong>– for hauling rocks, bags of sand, soil across lawns or for cleanup detail</span><span bis_size='{\"x\":52,\"y\":2077,\"w\":0,\"h\":18,\"abs_x\":468,\"abs_y\":2337}'><br bis_size='{\"x\":282,\"y\":2058,\"w\":0,\"h\":18,\"abs_x\":698,\"abs_y\":2318}'><br bis_size='{\"x\":52,\"y\":2077,\"w\":0,\"h\":18,\"abs_x\":468,\"abs_y\":2337}'></span><strong bis_size='{\"x\":52,\"y\":2097,\"w\":0,\"h\":0,\"abs_x\":468,\"abs_y\":2357}'></strong>\n</li>\n<li dir=\"ltr\" role=\"presentation\" bis_size='{\"x\":52,\"y\":2097,\"w\":520,\"h\":39,\"abs_x\":468,\"abs_y\":2357}'>\n<strong bis_size='{\"x\":52,\"y\":2097,\"w\":243,\"h\":18,\"abs_x\":468,\"abs_y\":2357}'>Rural property owners &amp; small farms</strong><span bis_size='{\"x\":52,\"y\":2097,\"w\":506,\"h\":38,\"abs_x\":468,\"abs_y\":2357}'> – connecting wagons to tractors for heavy loads</span><span bis_size='{\"x\":84,\"y\":2116,\"w\":0,\"h\":18,\"abs_x\":500,\"abs_y\":2376}'><br bis_size='{\"x\":84,\"y\":2116,\"w\":0,\"h\":18,\"abs_x\":500,\"abs_y\":2376}'></span><strong bis_size='{\"x\":52,\"y\":2136,\"w\":0,\"h\":0,\"abs_x\":468,\"abs_y\":2396}'></strong><span bis_size='{\"x\":52,\"y\":2136,\"w\":0,\"h\":0,\"abs_x\":468,\"abs_y\":2396}'></span>\n</li>\n<li dir=\"ltr\" role=\"presentation\" bis_size='{\"x\":52,\"y\":2136,\"w\":520,\"h\":19,\"abs_x\":468,\"abs_y\":2396}'>\n<strong bis_size='{\"x\":52,\"y\":2136,\"w\":200,\"h\":18,\"abs_x\":468,\"abs_y\":2396}'>DIY and community gardeners</strong><span bis_size='{\"x\":252,\"y\":2136,\"w\":195,\"h\":18,\"abs_x\":668,\"abs_y\":2396}'> – for frequent material moving.</span>\n</li>\n</ul>\n<p dir=\"ltr\" bis_size='{\"x\":12,\"y\":2170,\"w\":560,\"h\":39,\"abs_x\":428,\"abs_y\":2430}'><span bis_size='{\"x\":12,\"y\":2170,\"w\":465,\"h\":18,\"abs_x\":428,\"abs_y\":2430}'>Whether you're planting spring blooms or hauling topsoil for installation, a </span><a href=\"https://www.saltonlinestore.com/products/heavy-duty-foldable-utility-cart\" bis_size='{\"x\":477,\"y\":2170,\"w\":70,\"h\":18,\"abs_x\":893,\"abs_y\":2430}'><span bis_size='{\"x\":477,\"y\":2170,\"w\":70,\"h\":18,\"abs_x\":893,\"abs_y\":2430}'>garden cart</span></a><span bis_size='{\"x\":12,\"y\":2189,\"w\":556,\"h\":18,\"abs_x\":428,\"abs_y\":2449}'> reduces physical fatigue, improves efficiency, and gives bigger projects a smaller footprint.</span></p>\n<p bis_size='{\"x\":12,\"y\":2225,\"w\":560,\"h\":19,\"abs_x\":428,\"abs_y\":2485}'><b bis_size='{\"x\":12,\"y\":2225,\"w\":0,\"h\":18,\"abs_x\":428,\"abs_y\":2485}'><br bis_size='{\"x\":12,\"y\":2225,\"w\":0,\"h\":18,\"abs_x\":428,\"abs_y\":2485}'></b></p>\n<h1 dir=\"ltr\" bis_size='{\"x\":12,\"y\":2260,\"w\":560,\"h\":33,\"abs_x\":428,\"abs_y\":2520}'><strong bis_size='{\"x\":12,\"y\":2258,\"w\":243,\"h\":37,\"abs_x\":428,\"abs_y\":2518}'>A watering wand:</strong></h1>\n<p dir=\"ltr\" bis_size='{\"x\":12,\"y\":2306,\"w\":560,\"h\":176,\"abs_x\":428,\"abs_y\":2566}'><span bis_size='{\"x\":12,\"y\":2306,\"w\":541,\"h\":38,\"abs_x\":428,\"abs_y\":2566}'>(also known as a rain wand or hose‑end lance) attaches to the end of a standard garden hose and features a long shaft typically ranging from </span><span bis_size='{\"x\":341,\"y\":2326,\"w\":93,\"h\":18,\"abs_x\":757,\"abs_y\":2586}'>12 to 36 inches</span><span bis_size='{\"x\":12,\"y\":2326,\"w\":542,\"h\":116,\"abs_x\":428,\"abs_y\":2586}'>. Depending on the model, the nozzle is either curved at an angle (often ~45°) or offers an adjustable pivot head. Water flows through the nozzle in patterns that range from a soft mist to a broad shower. This gentle delivery mimics natural rainfall protecting fragile seedlings, blooms, and foliage from damage while ensuring moisture reaches the root zone directly. By <strong bis_size='{\"x\":12,\"y\":2424,\"w\":57,\"h\":18,\"abs_x\":428,\"abs_y\":2684}'>offering </strong></span><strong bis_size='{\"x\":69,\"y\":2424,\"w\":138,\"h\":18,\"abs_x\":485,\"abs_y\":2684}'>precise water control</strong><span bis_size='{\"x\":12,\"y\":2424,\"w\":548,\"h\":38,\"abs_x\":428,\"abs_y\":2684}'>, built-in ergonomics, and full compatibility with standard hoses, it empowers gardeners from coast to care for plants with intention and ease. </span><a href=\"https://www.saltonlinestore.com/products/high-pressure-garden-hose-nozzle-for-car-wash-lawn-care\" bis_size='{\"x\":12,\"y\":2443,\"w\":540,\"h\":38,\"abs_x\":428,\"abs_y\":2703}'><span bis_size='{\"x\":12,\"y\":2443,\"w\":540,\"h\":38,\"abs_x\":428,\"abs_y\":2703}'>Buy now</span></a><span bis_size='{\"x\":38,\"y\":2463,\"w\":207,\"h\":18,\"abs_x\":454,\"abs_y\":2723}'> with specific features and design.</span></p>\n<p bis_size='{\"x\":12,\"y\":2498,\"w\":560,\"h\":19,\"abs_x\":428,\"abs_y\":2758}'><b bis_size='{\"x\":12,\"y\":2498,\"w\":0,\"h\":18,\"abs_x\":428,\"abs_y\":2758}'><br bis_size='{\"x\":12,\"y\":2498,\"w\":0,\"h\":18,\"abs_x\":428,\"abs_y\":2758}'></b></p>\n<h1 dir=\"ltr\" bis_size='{\"x\":12,\"y\":2534,\"w\":560,\"h\":33,\"abs_x\":428,\"abs_y\":2794}'>\n<strong bis_size='{\"x\":12,\"y\":2532,\"w\":277,\"h\":37,\"abs_x\":428,\"abs_y\":2792}'>A soil thermometer:</strong><span bis_size='{\"x\":289,\"y\":2532,\"w\":0,\"h\":37,\"abs_x\":705,\"abs_y\":2792}'><strong bis_size='{\"x\":289,\"y\":2532,\"w\":0,\"h\":37,\"abs_x\":705,\"abs_y\":2792}'></strong></span>\n</h1>\n<p dir=\"ltr\" bis_size='{\"x\":12,\"y\":2580,\"w\":560,\"h\":58,\"abs_x\":428,\"abs_y\":2840}'><span bis_size='{\"x\":12,\"y\":2580,\"w\":555,\"h\":57,\"abs_x\":428,\"abs_y\":2840}'>Empowers home gardeners, commercial growers, and horticulturists to back their planting schedules with hard data, optimizing germination, improving yields, and reducing guesswork.</span></p>\n<h2 dir=\"ltr\" bis_size='{\"x\":12,\"y\":2654,\"w\":560,\"h\":29,\"abs_x\":428,\"abs_y\":2914}'>\n<span bis_size='{\"x\":12,\"y\":2654,\"w\":418,\"h\":28,\"abs_x\":428,\"abs_y\":2914}'><em bis_size='{\"x\":12,\"y\":2654,\"w\":418,\"h\":28,\"abs_x\":428,\"abs_y\":2914}'>How to Measure Soil Temperature Properly</em> </span><span bis_size='{\"x\":430,\"y\":2654,\"w\":0,\"h\":28,\"abs_x\":846,\"abs_y\":2914}'><br bis_size='{\"x\":430,\"y\":2654,\"w\":0,\"h\":28,\"abs_x\":846,\"abs_y\":2914}'></span>\n</h2>\n<p dir=\"ltr\" bis_size='{\"x\":12,\"y\":2694,\"w\":560,\"h\":19,\"abs_x\":428,\"abs_y\":2954}'><span bis_size='{\"x\":12,\"y\":2694,\"w\":310,\"h\":18,\"abs_x\":428,\"abs_y\":2954}'>To get a meaningful reading that informs planting:</span></p>\n<ol bis_size='{\"x\":12,\"y\":2730,\"w\":560,\"h\":235,\"abs_x\":428,\"abs_y\":2990}'>\n<li dir=\"ltr\" role=\"presentation\" bis_size='{\"x\":52,\"y\":2730,\"w\":520,\"h\":39,\"abs_x\":468,\"abs_y\":2990}'>\n<span bis_size='{\"x\":52,\"y\":2730,\"w\":470,\"h\":18,\"abs_x\":468,\"abs_y\":2990}'>Insert the probe vertically to seed or transplant depth typically 2 to 4 inches .</span><span bis_size='{\"x\":52,\"y\":2749,\"w\":0,\"h\":18,\"abs_x\":468,\"abs_y\":3009}'><br bis_size='{\"x\":522,\"y\":2730,\"w\":0,\"h\":18,\"abs_x\":938,\"abs_y\":2990}'><br bis_size='{\"x\":52,\"y\":2749,\"w\":0,\"h\":18,\"abs_x\":468,\"abs_y\":3009}'></span>\n</li>\n<li dir=\"ltr\" role=\"presentation\" bis_size='{\"x\":52,\"y\":2769,\"w\":520,\"h\":39,\"abs_x\":468,\"abs_y\":3029}'>\n<span bis_size='{\"x\":52,\"y\":2769,\"w\":380,\"h\":18,\"abs_x\":468,\"abs_y\":3029}'>Leave it in place for 3 to 5 minutes to let the reading stabilize.</span><span bis_size='{\"x\":52,\"y\":2789,\"w\":0,\"h\":18,\"abs_x\":468,\"abs_y\":3049}'><br bis_size='{\"x\":432,\"y\":2769,\"w\":0,\"h\":18,\"abs_x\":848,\"abs_y\":3029}'><br bis_size='{\"x\":52,\"y\":2789,\"w\":0,\"h\":18,\"abs_x\":468,\"abs_y\":3049}'></span>\n</li>\n<li dir=\"ltr\" role=\"presentation\" bis_size='{\"x\":52,\"y\":2808,\"w\":520,\"h\":58,\"abs_x\":468,\"abs_y\":3068}'>\n<span bis_size='{\"x\":52,\"y\":2808,\"w\":470,\"h\":38,\"abs_x\":468,\"abs_y\":3068}'>Take measurements at the same time (ideally between 9 a.m. and 10 a.m.) for consistency .</span><span bis_size='{\"x\":52,\"y\":2847,\"w\":0,\"h\":18,\"abs_x\":468,\"abs_y\":3107}'><br bis_size='{\"x\":129,\"y\":2828,\"w\":0,\"h\":18,\"abs_x\":545,\"abs_y\":3088}'><br bis_size='{\"x\":52,\"y\":2847,\"w\":0,\"h\":18,\"abs_x\":468,\"abs_y\":3107}'></span>\n</li>\n<li dir=\"ltr\" role=\"presentation\" bis_size='{\"x\":52,\"y\":2867,\"w\":520,\"h\":58,\"abs_x\":468,\"abs_y\":3127}'>\n<span bis_size='{\"x\":52,\"y\":2867,\"w\":496,\"h\":38,\"abs_x\":468,\"abs_y\":3127}'>Repeat daily for 5 days, then calculate the average to approximate the stable soil trend.</span><span bis_size='{\"x\":52,\"y\":2906,\"w\":0,\"h\":18,\"abs_x\":468,\"abs_y\":3166}'><br bis_size='{\"x\":88,\"y\":2887,\"w\":0,\"h\":18,\"abs_x\":504,\"abs_y\":3147}'><br bis_size='{\"x\":52,\"y\":2906,\"w\":0,\"h\":18,\"abs_x\":468,\"abs_y\":3166}'></span>\n</li>\n<li dir=\"ltr\" role=\"presentation\" bis_size='{\"x\":52,\"y\":2926,\"w\":520,\"h\":39,\"abs_x\":468,\"abs_y\":3186}'><span bis_size='{\"x\":52,\"y\":2926,\"w\":471,\"h\":38,\"abs_x\":468,\"abs_y\":3186}'>Record location, soil type, moisture, and crop name to compare year‑to‑year performance.</span></li>\n</ol>\n<p dir=\"ltr\" bis_size='{\"x\":12,\"y\":2979,\"w\":560,\"h\":39,\"abs_x\":428,\"abs_y\":3239}'><span bis_size='{\"x\":12,\"y\":2979,\"w\":343,\"h\":18,\"abs_x\":428,\"abs_y\":3239}'>Effortlessly elevate your gardening experience with this </span><a href=\"https://www.saltonlinestore.com/products/heavy-duty-foldable-utility-cart\" bis_size='{\"x\":355,\"y\":2979,\"w\":143,\"h\":18,\"abs_x\":771,\"abs_y\":3239}'><span bis_size='{\"x\":355,\"y\":2979,\"w\":143,\"h\":18,\"abs_x\":771,\"abs_y\":3239}'>heavy‑duty garden cart</span></a><span bis_size='{\"x\":12,\"y\":2979,\"w\":550,\"h\":38,\"abs_x\":428,\"abs_y\":3239}'>, designed to make hauling tools, soil, pots, and supplies around your yard a breeze.</span></p>\n<p bis_size='{\"x\":12,\"y\":3034,\"w\":560,\"h\":19,\"abs_x\":428,\"abs_y\":3294}'><b bis_size='{\"x\":12,\"y\":3034,\"w\":0,\"h\":18,\"abs_x\":428,\"abs_y\":3294}'><br bis_size='{\"x\":12,\"y\":3034,\"w\":0,\"h\":18,\"abs_x\":428,\"abs_y\":3294}'></b></p>\n<h1 dir=\"ltr\" bis_size='{\"x\":12,\"y\":3070,\"w\":560,\"h\":33,\"abs_x\":428,\"abs_y\":3330}'>\n<strong bis_size='{\"x\":12,\"y\":3067,\"w\":330,\"h\":37,\"abs_x\":428,\"abs_y\":3327}'>Long‑Handled Weeders:</strong><span bis_size='{\"x\":342,\"y\":3067,\"w\":0,\"h\":37,\"abs_x\":758,\"abs_y\":3327}'> </span>\n</h1>\n<p dir=\"ltr\" bis_size='{\"x\":12,\"y\":3115,\"w\":560,\"h\":39,\"abs_x\":428,\"abs_y\":3375}'><span bis_size='{\"x\":12,\"y\":3115,\"w\":547,\"h\":38,\"abs_x\":428,\"abs_y\":3375}'>If you’re tired of bending, kneeling, or doing endless hand‑pulls this upright claw weeder may be your garden game‑changer.</span></p>\n<p dir=\"ltr\" bis_size='{\"x\":12,\"y\":3171,\"w\":560,\"h\":19,\"abs_x\":428,\"abs_y\":3431}'><strong bis_size='{\"x\":12,\"y\":3171,\"w\":202,\"h\":18,\"abs_x\":428,\"abs_y\":3431}'>Care &amp; Best Practices Checklist</strong></p>\n<ul bis_size='{\"x\":12,\"y\":3206,\"w\":560,\"h\":137,\"abs_x\":428,\"abs_y\":3466}'>\n<li dir=\"ltr\" role=\"presentation\" bis_size='{\"x\":52,\"y\":3206,\"w\":520,\"h\":39,\"abs_x\":468,\"abs_y\":3466}'>\n<span bis_size='{\"x\":52,\"y\":3206,\"w\":402,\"h\":18,\"abs_x\":468,\"abs_y\":3466}'>Clean after each session, removing dirt from claws and foot plate.</span><span bis_size='{\"x\":52,\"y\":3226,\"w\":0,\"h\":18,\"abs_x\":468,\"abs_y\":3486}'><br bis_size='{\"x\":454,\"y\":3206,\"w\":0,\"h\":18,\"abs_x\":870,\"abs_y\":3466}'><br bis_size='{\"x\":52,\"y\":3226,\"w\":0,\"h\":18,\"abs_x\":468,\"abs_y\":3486}'></span>\n</li>\n<li dir=\"ltr\" role=\"presentation\" bis_size='{\"x\":52,\"y\":3245,\"w\":520,\"h\":39,\"abs_x\":468,\"abs_y\":3505}'>\n<span bis_size='{\"x\":52,\"y\":3245,\"w\":462,\"h\":18,\"abs_x\":468,\"abs_y\":3505}'>Avoid using in rock-heavy or dry clay soil, which may dull or damage claws.</span><span bis_size='{\"x\":52,\"y\":3265,\"w\":0,\"h\":18,\"abs_x\":468,\"abs_y\":3525}'><br bis_size='{\"x\":514,\"y\":3245,\"w\":0,\"h\":18,\"abs_x\":930,\"abs_y\":3505}'><br bis_size='{\"x\":52,\"y\":3265,\"w\":0,\"h\":18,\"abs_x\":468,\"abs_y\":3525}'></span>\n</li>\n<li dir=\"ltr\" role=\"presentation\" bis_size='{\"x\":52,\"y\":3285,\"w\":520,\"h\":39,\"abs_x\":468,\"abs_y\":3545}'>\n<span bis_size='{\"x\":52,\"y\":3285,\"w\":341,\"h\":18,\"abs_x\":468,\"abs_y\":3545}'>Replace or Lubricate foot mechanism if it becomes stiff.</span><span bis_size='{\"x\":52,\"y\":3304,\"w\":0,\"h\":18,\"abs_x\":468,\"abs_y\":3564}'><br bis_size='{\"x\":393,\"y\":3285,\"w\":0,\"h\":18,\"abs_x\":809,\"abs_y\":3545}'><br bis_size='{\"x\":52,\"y\":3304,\"w\":0,\"h\":18,\"abs_x\":468,\"abs_y\":3564}'></span>\n</li>\n<li dir=\"ltr\" role=\"presentation\" bis_size='{\"x\":52,\"y\":3324,\"w\":520,\"h\":19,\"abs_x\":468,\"abs_y\":3584}'><span bis_size='{\"x\":52,\"y\":3324,\"w\":457,\"h\":18,\"abs_x\":468,\"abs_y\":3584}'>Store indoors over winter to preserve metal parts and trigger mechanisms.</span></li>\n</ul>\n<p dir=\"ltr\" bis_size='{\"x\":12,\"y\":3357,\"w\":560,\"h\":19,\"abs_x\":428,\"abs_y\":3617}'> </p>\n<h2 dir=\"ltr\" bis_size='{\"x\":12,\"y\":3393,\"w\":560,\"h\":29,\"abs_x\":428,\"abs_y\":3653}'><span bis_size='{\"x\":12,\"y\":3393,\"w\":89,\"h\":28,\"abs_x\":428,\"abs_y\":3653}'>Ideal for:</span></h2>\n<h3 dir=\"ltr\" bis_size='{\"x\":12,\"y\":3433,\"w\":560,\"h\":22,\"abs_x\":428,\"abs_y\":3693}'><span bis_size='{\"x\":12,\"y\":3433,\"w\":313,\"h\":21,\"abs_x\":428,\"abs_y\":3693}'>Seniors &amp; gardeners with mobility issues</span></h3>\n<h3 dir=\"ltr\" bis_size='{\"x\":12,\"y\":3466,\"w\":560,\"h\":22,\"abs_x\":428,\"abs_y\":3726}'><span bis_size='{\"x\":12,\"y\":3466,\"w\":234,\"h\":21,\"abs_x\":428,\"abs_y\":3726}'>Backyard growers &amp; hobbyists</span></h3>\n<h3 dir=\"ltr\" bis_size='{\"x\":12,\"y\":3500,\"w\":560,\"h\":22,\"abs_x\":428,\"abs_y\":3760}'><span bis_size='{\"x\":12,\"y\":3500,\"w\":188,\"h\":21,\"abs_x\":428,\"abs_y\":3760}'>Professional landscapers</span></h3>\n<h3 dir=\"ltr\" bis_size='{\"x\":12,\"y\":3533,\"w\":560,\"h\":22,\"abs_x\":428,\"abs_y\":3793}'><span bis_size='{\"x\":12,\"y\":3533,\"w\":189,\"h\":21,\"abs_x\":428,\"abs_y\":3793}'>Eco-conscious gardeners</span></h3>\n<h3 dir=\"ltr\" bis_size='{\"x\":12,\"y\":3567,\"w\":560,\"h\":22,\"abs_x\":428,\"abs_y\":3827}'><br bis_size='{\"x\":12,\"y\":3567,\"w\":0,\"h\":21,\"abs_x\":428,\"abs_y\":3827}'></h3>\n<p dir=\"ltr\" bis_size='{\"x\":12,\"y\":3600,\"w\":560,\"h\":58,\"abs_x\":428,\"abs_y\":3860}'><span bis_size='{\"x\":12,\"y\":3600,\"w\":546,\"h\":57,\"abs_x\":428,\"abs_y\":3860}'>Ergonomics matter: Older gardeners report less fatigue thanks to the standing weeds mechanics. Opinion pieces call it’s a \"honorable tool\" for those dealing with chronic back or knee pain.</span></p>\n<p bis_size='{\"x\":12,\"y\":3675,\"w\":560,\"h\":58,\"abs_x\":428,\"abs_y\":3935}'><b bis_size='{\"x\":12,\"y\":3714,\"w\":0,\"h\":18,\"abs_x\":428,\"abs_y\":3974}'><br bis_size='{\"x\":12,\"y\":3675,\"w\":0,\"h\":18,\"abs_x\":428,\"abs_y\":3935}'><br bis_size='{\"x\":12,\"y\":3695,\"w\":0,\"h\":18,\"abs_x\":428,\"abs_y\":3955}'><br bis_size='{\"x\":12,\"y\":3714,\"w\":0,\"h\":18,\"abs_x\":428,\"abs_y\":3974}'></b></p>\n<h1 dir=\"ltr\" bis_size='{\"x\":12,\"y\":3750,\"w\":560,\"h\":33,\"abs_x\":428,\"abs_y\":4010}'><span bis_size='{\"x\":12,\"y\":3748,\"w\":430,\"h\":37,\"abs_x\":428,\"abs_y\":4008}'>*<strong bis_size='{\"x\":24,\"y\":3748,\"w\":417,\"h\":37,\"abs_x\":440,\"abs_y\":4008}'>Care Tips for a Tool That Lasts</strong></span></h1>\n<p dir=\"ltr\" bis_size='{\"x\":12,\"y\":3796,\"w\":560,\"h\":98,\"abs_x\":428,\"abs_y\":4056}'><strong bis_size='{\"x\":12,\"y\":3796,\"w\":54,\"h\":18,\"abs_x\":428,\"abs_y\":4056}'>Sharpen</strong><span bis_size='{\"x\":12,\"y\":3796,\"w\":520,\"h\":38,\"abs_x\":428,\"abs_y\":4056}'><strong bis_size='{\"x\":66,\"y\":3796,\"w\":3,\"h\":18,\"abs_x\":482,\"abs_y\":4056}'> </strong>the blade with a file or sharpening stone once every season or when slicing becomes rough.</span><span bis_size='{\"x\":111,\"y\":3815,\"w\":0,\"h\":18,\"abs_x\":527,\"abs_y\":4075}'><br bis_size='{\"x\":111,\"y\":3815,\"w\":0,\"h\":18,\"abs_x\":527,\"abs_y\":4075}'></span><strong bis_size='{\"x\":12,\"y\":3835,\"w\":72,\"h\":18,\"abs_x\":428,\"abs_y\":4095}'>Keep it dry</strong><span bis_size='{\"x\":12,\"y\":3835,\"w\":559,\"h\":38,\"abs_x\":428,\"abs_y\":4095}'> to avoid rust at the hinge; a drop of machine oil helps pivot movement remain smooth.</span><span bis_size='{\"x\":62,\"y\":3854,\"w\":0,\"h\":18,\"abs_x\":478,\"abs_y\":4114}'><br bis_size='{\"x\":62,\"y\":3854,\"w\":0,\"h\":18,\"abs_x\":478,\"abs_y\":4114}'></span><strong bis_size='{\"x\":12,\"y\":3874,\"w\":97,\"h\":18,\"abs_x\":428,\"abs_y\":4134}'>Clean after use</strong><span bis_size='{\"x\":109,\"y\":3874,\"w\":445,\"h\":18,\"abs_x\":525,\"abs_y\":4134}'><strong bis_size='{\"x\":109,\"y\":3874,\"w\":3,\"h\":18,\"abs_x\":525,\"abs_y\":4134}'>,</strong> especially if working in gravel, to avoid build-up in the blade or handle.</span></p>\n<p bis_size='{\"x\":12,\"y\":3910,\"w\":560,\"h\":19,\"abs_x\":428,\"abs_y\":4170}'> </p>","image":"https://cdn.shopify.com/s/files/1/0580/7659/4275/articles/Blog_Post_Saltonlinestore.com_1_48cdd409-b11a-47de-acf9-44a891d0774b.jpg?v=1754907973"},{"id":"gid://shopify/OnlineStoreArticle/572221096035","handle":"7-essential-cookware-categories-that-people-ask-for-their-maintenance-tips","url":"https://www.saltonlinestore.com/blog/7-essential-cookware-categories-that-people-ask-for-their-maintenance-tips","title":"7 Essential Cookware Categories that People Ask For & their maintenance tips","author":"Courtney Jones","publishedAt":"2025-06-27T11:59:14Z","updatedAt":"","excerpt":"For clear visibility while cooking , a snug-fitting tempered glass lid is ideal; its transparency allows you to monitor simmering or steaming without lifting the lid, preserving heat and moisture while preventing overco…","contentHtml":"<div style=\"text-align: left;\"><img alt=\"Kitchen Essentials | salt cookware\" src=\"https://cdn.shopify.com/s/files/1/0580/7659/4275/files/Happy_Mother_s_Day_Presentation_169_1.jpg?v=1751023522\" style=\"margin-bottom: 16px; float: none;\"></div>\n<p dir=\"ltr\"><span>For <span style=\"text-decoration: underline;\">clear </span></span><span style=\"text-decoration: underline;\">visibility while cooking</span><span>, a snug-fitting tempered glass lid is ideal; its transparency allows you to monitor simmering or steaming without lifting the lid, preserving heat and moisture while preventing overcooking.</span></p>\n<p dir=\"ltr\"><span>In </span><span style=\"text-decoration: underline;\">heavy-duty or oven cooking</span><span>, a robust stainless steel or glass lid rated for high temperatures (e.g., up to 400 °F) withstands heat without cracking and locks in flavor––perfect for baking, broiling, or braising.</span></p>\n<p dir=\"ltr\"><span>For </span><span style=\"text-decoration: underline;\">storage and mess prevention</span><span>, flexible silicone stretch or universal multi-size lids seal tightly, reducing splash and eliminating the need for disposable wraps.</span></p>\n<p dir=\"ltr\"><span>When crafting </span><span style=\"text-decoration: underline;\">custards or delicate sauces</span><span>, lightweight parchment-cartouche or silicone covers maintain gentle moisture control and prevent skin formation without harsh contact. </span></p>\n<p><b><br></b></p>\n<h4 dir=\"ltr\">\n<span>1</span><span>. </span><span>Stainless Steel</span>\n</h4>\n<ul>\n<li role=\"presentation\" dir=\"ltr\"><span>Pros: Durable, non-reactive, dishwasher and induction-safe.</span></li>\n<li role=\"presentation\" dir=\"ltr\">\n<span></span><span>Ideal for: Searing, deglazing, acidic foods (like tomato sauces). Can stick if not preheated or oiled properly.</span>\n</li>\n<li role=\"presentation\" dir=\"ltr\">\n<span></span><span>Stainless Steel</span><span> </span><span>Items: </span><a href=\"https://www.saltonlinestore.com/products/10-piece-tri-ply-stainless-steel-cookware-set-copper-pots-pans-with-lids?pr_prod_strat=e5_desc&amp;pr_rec_id=097e5e4a4&amp;pr_rec_pid=7744583794787&amp;pr_ref_pid=7747142058083&amp;pr_seq=uniform\" title=\"Stainless Steel Cookware\"><span>Stainless Steel Cookware Set</span></a><span> and Butter Melting Pot.</span>\n</li>\n</ul>\n<p dir=\"ltr\"><span>Approximately 60% of U.S. professional chefs prefer stainless steel due to its high-heat tolerance and flavor preservation. The average lifespan or replacement cycle for stainless‑steel sets is around (5 - 10) years, reflecting its durability.</span></p>\n<h4 dir=\"ltr\"><span>2. Cast Iron (Bare)</span></h4>\n<ul>\n<li><span>Pros: Excellent heat retention; develops a natural non-stick patina with seasoning; oven-safe.</span></li>\n<li><span>Ideal for: High-heat searing, frying, baking, slow-cooked stews.</span></li>\n<li><span>Cast Iron (Bare) Items: Cast Iron Skillet, Bare Cast Iron Dutch Oven and Cast Iron Griddle (or Grill Pan)</span></li>\n</ul>\n<p dir=\"ltr\"><span>The second most preferred category that ranked good in Cookware Category and determined Aesthetic appeal, Durability &amp; longevity.</span></p>\n<h4 dir=\"ltr\"><span>3. Enameled Cast Iron</span></h4>\n<ul>\n<li><span>Pros: Same great heat retention without seasoning needs; non-reactive for acidic dishes.</span></li>\n<li><span>Ideal for: Braises, soups, oven-to-table meals.</span></li>\n<li><span>Enameled Cast Iron Care: Heavy and enamel may chip if mishandled</span></li>\n</ul>\n<p dir=\"ltr\"><span>Replace worn or scratched pans prompt -</span><span> </span><span>Scratches or peeling coatings may release PFAS — replace pans at the first sign of damage.</span></p>\n<h4 dir=\"ltr\"><span>4. Carbon Steel</span></h4>\n<ul>\n<li><span>Pros: Heats quickly, lighter than cast iron, forms a non-stick patina with seasoning.</span></li>\n<li><span>Ideal for: Woks, stir-frying, crepes, eggs, searing.</span></li>\n<li>\n<span>Care: Needs seasoning; reactive with acidic foods; avoid thermal shock.</span><span></span>\n</li>\n</ul>\n<h4 dir=\"ltr\"><span>5. Non-Stick (PTFE / Ceramic)</span></h4>\n<ul>\n<li role=\"presentation\" dir=\"ltr\"><span>Pros: Easy release and clean-up, best for delicate foods.</span></li>\n<li role=\"presentation\" dir=\"ltr\"><span>Ideal for: Eggs, pancakes, fish; low-fat cooking.</span></li>\n<li role=\"presentation\" dir=\"ltr\"><span>Limitations: lifespan is limited because coating degrades with high heat or metal tools.</span></li>\n<li role=\"presentation\" dir=\"ltr\">\n<span>Non-Stick Items: (</span><span>16pc) Non-Stick Cookware Set and <a href=\"https://www.saltonlinestore.com/products/13-piece-ceramic-cookware-set-nonstick-detachable-handles?pr_prod_strat=e5_desc&amp;pr_rec_id=d28980dbc&amp;pr_rec_pid=7746985001059&amp;pr_ref_pid=7799758979171&amp;pr_seq=uniform\">Black (13 Pc) Non-Sticky Detachable handles</a>.</span>\n</li>\n</ul>\n<p dir=\"ltr\"><span>But, </span></p>\n<p dir=\"ltr\"><span>Never cook on </span><span>High temperatures degrade non‑stick coatings and may release toxic fumes (like “Teflon flu”). Stick to low‑medium heat only.</span></p>\n<h4 dir=\"ltr\">\n<span>6</span><span>.</span><span> Ceramic-Coated / Pure Ceramic</span>\n</h4>\n<ul>\n<li role=\"presentation\" dir=\"ltr\"><span>Pros: Non-toxic, non-reactive, visually appealing.</span></li>\n<li role=\"presentation\" dir=\"ltr\"><span>Ideal for: Low to medium heat cooking, baking, roasting.</span></li>\n<li role=\"presentation\" dir=\"ltr\"><span>Limitations: Coating can wear or chip over time.</span></li>\n</ul>\n<p dir=\"ltr\"><span>Ceramic Items - </span><span><a href=\"https://www.saltonlinestore.com/products/carote-21-piece-nonstick-pots-pans-set-white-granite-induction-cookware?pr_prod_strat=e5_desc&amp;pr_rec_id=08024ba64&amp;pr_rec_pid=7726602256483&amp;pr_ref_pid=7746985001059&amp;pr_seq=uniform\">White Elegant (21pc) Non-Stick Cookware Set</a>.</span></p>\n<h4 dir=\"ltr\">\n<span>7</span><span>. </span><span>Copper</span>\n</h4>\n<p dir=\"ltr\"><span>Choosing cookware with natural antimicrobial surfaces enhances food safety as well as general kitchen hygiene.</span></p>\n<ul>\n<li><span>Pros: Superb heat responsiveness, even heat distribution.</span></li>\n<li><span>Ideal for: Precision cooking—sauces, confections, delicate dishes.</span></li>\n<li><span>Care: Reactive unless lined; requires regular polishing; pricey</span></li>\n</ul>\n<p dir=\"ltr\"><span>Pros: Lightweight, affordable, fast heat conduction; anodized versions are non-reactive and scratch-resistant.</span><span><br></span><span>Ideal for: Everyday frying, sautéing, boiling.</span><span><br></span><span>Care: Untreated aluminum can react with acidic foods, hard-anodized is better.</span></p>\n<p dir=\"ltr\"> </p>\n<h2 dir=\"ltr\">\n<span>    </span><span>Ditch these cookware damaging kitchen habits now</span><span><br></span>\n</h2>\n<ol>\n<li>\n<span>Preheating empty pans - </span><span>Heating non‑stick surfaces without any oil or food can damage the coating and cause harmful fumes.</span><span></span>\n</li>\n<li>\n<span>Using aerosol cooking sprays - </span><span>Sprays leave sticky residue that damages the coating and hampers performance.</span><span><br></span>\n</li>\n<li>\n<span>Using metal utensils or abrasive scrubbers - </span><span> Metal spoons, knives, scouring pads, or steel wool scratch and flake the non‑stick surface.</span><span><br></span>\n</li>\n<li>\n<span>Storing food in non‑stick pans</span><span><br></span><span> Storing in the pan can affect flavor and promote degradation—transfer leftovers instead.</span><span><br></span>\n</li>\n<li>\n<span>Cooking acidic foods (tomato, citrus, wine)</span><span><br></span><span>Acidic ingredients can wear down the surface on cheaper non‑stick pans.</span><span><br><br></span>\n</li>\n</ol>\n<p> </p>","image":"https://cdn.shopify.com/s/files/1/0580/7659/4275/articles/Happy_Mother_s_Day_Presentation_169_1.jpg?v=1751026395"},{"id":"gid://shopify/OnlineStoreArticle/571675541603","handle":"recommended-tools-for-every-gardener","url":"https://www.saltonlinestore.com/blog/recommended-tools-for-every-gardener","title":"Recommended Tools for Every Gardener","author":"Courtney Jones","publishedAt":"2025-03-07T06:55:27Z","updatedAt":"","excerpt":"Recommended Tools for Every Gardener Become A Gardener With The Right Equipment At Hand Gardening is a fun as well as a rewarding hobby. Regardless of whether you have a large garden or just small succulent pots on your…","contentHtml":"<h1><strong>Recommended <a href=\"https://www.saltonlinestore.com/collections/garden-tools\" title=\"Gardening Tools\" rel=\"noopener\" target=\"_blank\">Tools </a>for Every Gardener</strong></h1>\n<p>Become A Gardener With The Right Equipment At Hand Gardening is a fun as well as a rewarding hobby. Regardless of whether you have a large garden or just small succulent pots on your balcony, <a href=\"https://www.saltonlinestore.com/collections/garden-tools\" title=\"Best Gardening Tools\" rel=\"noopener\" target=\"_blank\">good tools</a> will always help you complete the job better and faster.</p>\n<h2>Let’s examine the main tools that every gardener needs, considering how they can change your everyday life in the context of gardening.</h2>\n<p><strong> 1. The Foundation:</strong> <a href=\"https://www.saltonlinestore.com/blogs/posts/know-how-to-use-specific-gardening-tools-for-your-lawn-and-home-yards-care?_cd=a416401794cabe9883f3455df30dca5dc773a8fb6f1eb6294a8527a1f77b959d&amp;_uid=77142786147&amp;preview_theme_id=132526768227&amp;preview_token=acy7k0gc8s53u0a4mvwggod857u7ghmc\" target=\"_blank\" rel=\"noopener\">Primary Garden Tools</a> Every gardener, novice or seasoned, needs a reliable set of basics.</p>\n<p><strong><a href=\"https://www.saltonlinestore.com/products/3pcs-mini-garden-tool-set-for-plants-pots-cactus-weeding\" title=\"Best Trowel and Hand Fork\" rel=\"noopener\" target=\"_blank\"> Trowel and Hand Fork</a> </strong>: Great for putting in seedlings, weeding, or even soil aeration. Try to go for the ergonomic ones to avoid straining yourself too much.</p>\n<p><a href=\"https://www.saltonlinestore.com/products/stainless-steel-scissors-for-flower-arrangement-pruning-and-gardening\" title=\"gardening Shears and Pruners\"><strong>Shears and Pruners</strong></a> : Do wonders in plant care for things such as trimming away dead plant branches or even shaping bushes. Fiskars offer great options which are priceless over time.</p>\n<p><a href=\"https://www.saltonlinestore.com/products/multi-purpose-garden-trowel-yard-weed-removal-tool-for-gardens\" title=\"Garden Hoes And Rakes\"><strong> Hoes And Rakes</strong></a> : Excelling when it comes to debris cleanup and soil prepare. Rake helps a lot so that you do not work nonstop above the soil trying to avoid debris coverage .</p>\n<p><strong> Pro Tip:</strong> Use tools with better and durable materials that are outdoors resistant.</p>\n<p><strong>2. Eco-Friendly Gardening:</strong> Sustainable Choices Gardeners do have an option to further reduce their ecological impact by using tools that have handles made from recycled materials, or even better, sustainably grown timber. <a href=\"https://www.saltonlinestore.com/\" title=\"Best store for garden tools, pet accessories, Kitchen essentials, home decor\" rel=\"noopener\" target=\"_blank\">saltonlinestore</a> is  now introducing new designs that are eco friendly while still being rugged. </p>\n<p><strong>3. Small Spaces, Big Impact:</strong> <a href=\"https://www.saltonlinestore.com/products/3pcs-mini-garden-tool-set-for-plants-pots-cactus-weeding\" title=\"Best Garden Tools for ohio, usa\" rel=\"noopener\" target=\"_blank\">Mini Garden Tool Sets</a> These tools are a boon for urban garden cultivators and for people who like to tend to plants indoors. The <a href=\"https://www.saltonlinestore.com/products/3pcs-mini-garden-tool-set-for-plants-pots-cactus-weeding\" title=\"Garden Tools\">3-piece mini tool</a> set that comes with a shovel, trowel, and rake works great for pots, succulent plants, or little flowerbeds making precision tasks such as repotting simple and straightforward.</p>\n<p><strong> 4. Maintenance Matters:</strong> Extend Tool Lifespan <a href=\"https://www.saltonlinestore.com/products/stretchable-pe-grafting-tape-perfect-for-tree-plant-grafting\" title=\"Best cleaning tools\" rel=\"noopener\" target=\"_blank\">Cleaning</a> and sharpening of tools after each use allows them to remain useful. Store tools in a dry location to avoid rusting and use oil to shield the metal parts. Taking care of <a href=\"https://www.saltonlinestore.com/collections/garden-tools\" title=\"Garden Tools at saltonlinestore\" rel=\"noopener\" target=\"_blank\">tools</a> in this manner is cost-effective and contributes to reducing waste.  </p>\n<p><span><strong>5. Tools of the Trade:</strong> Gardening Throughout the Seasons </span></p>\n<p><strong>Spring:</strong> <a href=\"https://www.saltonlinestore.com/collections/garden-tools\">Hoes and cultivators</a> aid in soil prep.</p>\n<p><span><strong>Summer:</strong> Pruning shears help control overgrowth. </span></p>\n<p><span><strong>Fall:</strong> Rakes spruce up yards for winter by gathering up fallen leaves. </span></p>\n<p><span><strong>Winter:</strong> Ergonomic gloves and tough spades dig into hardened, frozen soil. </span></p>\n<p> </p>\n<p><strong>What Makes <a href=\"https://www.saltonlinestore.com/\" title=\"best store for all essentials products\">Saltonlinestore</a> Stand Out?</strong></p>\n<p>Explore our <a href=\"https://www.saltonlinestore.com/collections/garden-tools\" title=\"Gardening tools for garden lovers\" rel=\"noopener\" target=\"_blank\">Garden Tools Collection</a> at saltonlinestore, where we meet every user's needs with high-quality ergonomic and environmentally-friendly <a href=\"https://www.saltonlinestore.com/collections/garden-tools\" title=\"Best Garden Tools for gardners\">garden tools</a>. We aim to provide optimum functionality and durability alongside style.</p>","image":null},{"id":"gid://shopify/OnlineStoreArticle/571444854883","handle":"discover-the-ultimate-guide-for-seniors-embrace-the-living-legacy-planner","url":"https://www.saltonlinestore.com/blog/discover-the-ultimate-guide-for-seniors-embrace-the-living-legacy-planner","title":"Discover the Ultimate Guide for seniors: Embrace the Living Legacy Planner","author":"Courtney Jones","publishedAt":"2024-12-02T06:24:25Z","updatedAt":"","excerpt":"As we journey through life, we often reflect on things we have done, our values and treasures and Memories. Many seniors also tend to worry about things they have not yet done but intended to. Things like planning for t…","contentHtml":"<p data-mce-fragment=\"1\">As we journey through life, we often reflect on things we have done, our values and treasures and Memories. Many seniors also tend to worry about things they have not yet done but intended to. Things like planning for the unknown. Seniors worry about not completing their plan to plan. Reflecting can be empowering and complex. Reflecting can motivate one to organize and take action. This is where <strong><a href=\"https://www.seniorandlivingtoday.com/products/the-living-legacy-planner\">The Living Legacy Planner</a></strong> becomes an indispensable resource. This comprehensive book is more than just a guide; it’s a lifeline to clarity, purpose and peace of mind. Not just peace of mind for you but also for those who surround you. Whether you are trying to plan for yourself or for someone you provide care for, The Living Legacy Planner offers the tools to craft the perfect roadmap, representing exactly what you want.</p>\n<p data-mce-fragment=\"1\">Here’s why this book is a must -have for seniors, caregivers, families and any adults who live alone.</p>\n<p data-mce-fragment=\"1\"><strong data-mce-fragment=\"1\">A treasure Trove of Practical Guidance </strong></p>\n<p data-mce-fragment=\"1\">Life doesn’t come with a manual, but <strong><a href=\"https://www.amazon.com/dp/B0D4JDBFYQ\">The living Legacy Planner</a> </strong>comes close. From a space to note who cares for your home’s vital functions, like your HVAC people and handymen to a financial section for all your personal and business financial information, to your health management desires, this book is a one-stop resource.</p>\n<p data-mce-fragment=\"1\">. Special sections are set in the planner to keep your insurance, wills trust and beneficiary information together, ensuring every detail is captured.</p>\n<p data-mce-fragment=\"1\">. Separate areas are defined for allergies, medications, prior surgeries, pharmacy and preferred providers and hospitals.</p>\n<p data-mce-fragment=\"1\"> . Right up front you will find a Temporary Instructions space, in case you are temporarily down, from and accident, illness or surgery. This will be extremely helpful if you are sent home and someone is coming in to prepare your meals or care for you in any way.</p>\n<p data-mce-fragment=\"1\"><strong data-mce-fragment=\"1\">A Gift of Peace of Mind </strong></p>\n<p data-mce-fragment=\"1\">For many seniors, one of their greatest concerns is that their wishes are respected. The Living Legacy Planner helps eliminate any guesswork or uncertainty about what you might want. Those involved will have a clear path to follow.</p>\n<p data-mce-fragment=\"1\">Imagine the comfort of knowing that your family has guidance directly from you giving them everything they need to honor your wishes. No confusion, no disputes, just a clear path of what to do.</p>\n<p data-mce-fragment=\"1\"><strong data-mce-fragment=\"1\">A Source of Empowerment</strong></p>\n<p data-mce-fragment=\"1\"> Seniors often face a narrative that focuses on limitations rather than the possibilities. The Living Legacy Planner changes all of that, encouraging seniors to take charge of their personal journey and celebrate the fact that they can carve their own path. Now, while you may feel your mind is sharp, is a good time to start the process of writing down everything that is important while you still remember all the little details. Ample space is provided to make changes along the way as your decision or health changes, without having to get a new book.</p>\n<p data-mce-fragment=\"1\"> </p>\n<p data-mce-fragment=\"1\"><strong data-mce-fragment=\"1\">A bridge Between Generations</strong></p>\n<p data-mce-fragment=\"1\">Legacy isn’t just about what we leave behind; it’s about the connections we foster. The Living legacy Planner serves as a bridge, fostering communication between seniors and those involved in their life.</p>\n<p data-mce-fragment=\"1\"><strong data-mce-fragment=\"1\">Conversations That Matter</strong></p>\n<p data-mce-fragment=\"1\">Use the Planner as a starting point to have some heartfelt discussions about your wishes. There is a discussion template included to lead the conversation and answer imperative thought[1]provoking questions.</p>\n<p data-mce-fragment=\"1\"><strong data-mce-fragment=\"1\">An Ideal Gift for Any Senior </strong></p>\n<p data-mce-fragment=\"1\">Looking for a thoughtful gift for a friend, parent, grandparent, or any adult loved one? The Living Legacy Planner is more than a book- it’s an act of love. Gifting this planner says “ I value your choices, your wishes, and your plan.” It’s a way to honor them with a tool that benefits everyone involved.</p>\n<p data-mce-fragment=\"1\"><strong data-mce-fragment=\"1\">Perfect for Senior Service Providers </strong></p>\n<p data-mce-fragment=\"1\">If you work with seniors in healthcare, estate planning or community service-The Living Legacy Planner is an invaluable resource for your clients. By recommending of gifting this book, you are offering more than advice; you are providing a comprehensive tool to navigate the complexities of senior living with grace and ease.</p>\n<p data-mce-fragment=\"1\"><strong data-mce-fragment=\"1\">Why You Should Act Now </strong></p>\n<p data-mce-fragment=\"1\">The best time to plan for tomorrow is today! Whether you are a senior looking to take control of your future or a person looking to support a loved one, The Living Legacy Planner is the recommended tool for you. Don’t put off until tomorrow what you can do today. Make a plan to plan. Investing in this book is an investment in clarity, organization and peace of mind.</p>\n<p data-mce-fragment=\"1\"><strong data-mce-fragment=\"1\">Testimonials from the Satisfied </strong></p>\n<p data-mce-fragment=\"1\">‘As a caregiver, The Living legacy Planner has been a lifesaver. It has been the difference in providing good and excellent care for their wants and desires. ‘</p>\n<p data-mce-fragment=\"1\">‘This is an incredible book.! You thought of everything. I definitely recommend it’</p>\n<p data-mce-fragment=\"1\">‘This book is great. You can take your time and write things down in it so people don’t have to guess what you want done in the event you are disabled. It makes everything so easy. Some things I never would have thought of are listed here. It pretty much covers everything.’</p>\n<p data-mce-fragment=\"1\"><strong data-mce-fragment=\"1\">Order Your Copy Today </strong></p>\n<p data-mce-fragment=\"1\">Empower yourself or a loved one with the gift of honor, peace, and clarity. The Living Legacy Planner is available now and waiting for you. Don’t wait to secure this essential guide. Visit <a href=\"https://a.co/d/5w4xwlf\" data-mce-fragment=\"1\" data-mce-href=\"https://a.co/d/5w4xwlf\">https://a.co/d/5w4xwlf</a> to order your copy today. Start making your plan to plan. You will be glad you did.</p>\n<p style=\"padding-left: 90px;\" data-mce-fragment=\"1\"><img alt=\"\" src=\"https://cdn.shopify.com/s/files/1/0580/7659/4275/files/The_Living_Legacy_Planner_book_480x480.jpg?v=1733120497\"></p>\n<p data-mce-fragment=\"1\">It’s your life and your desires but the impact it will have on others will be a wonderful ripple effect. Take the first step today. Your journey deserves to be traveled your way.</p>\n<p data-mce-fragment=\"1\"> </p>","image":"https://cdn.shopify.com/s/files/1/0580/7659/4275/files/The_Living_Legacy_Planner_book_480x480.jpg?v=1733120497"},{"id":"gid://shopify/OnlineStoreArticle/571418411107","handle":"buy-the-essential-guide-for-seniors-the-living-legacy-planner-book","url":"https://www.saltonlinestore.com/blog/buy-the-essential-guide-for-seniors-the-living-legacy-planner-book","title":"Buy the Essential Guide for seniors: The Living Legacy Planner book","author":"Courtney Jones","publishedAt":"2024-11-24T12:39:42Z","updatedAt":"","excerpt":"Life is a journey, and as we age, planning for the future becomes increasingly important. Whether it’s managing healthcare preferences, organizing finances, or nothing all your likes and dislikes to aid a future caregiv…","contentHtml":"<p data-mce-fragment=\"1\">Life is a journey, and as we age, planning for the future becomes increasingly important. Whether it’s managing healthcare preferences, organizing finances, or nothing all your likes and dislikes to aid a future caregiver, having this comprehensive guide to simplify the process is invaluable.</p>\n<p data-mce-fragment=\"1\">Enter <a href=\"https://a.co/d/hFsq8AJ\" title=\"The Living Legacy Planner\"><strong>The Living Legacy Planner</strong></a>-an essential book for seniors designed to empower individuals and families to take control of their future with clarity and ease.</p>\n<p data-mce-fragment=\"1\">This guide is a must-have for anyone looking to document their wishes, organize important information, and ensure their legacy is preserved. Here’s why The Living Legacy Planner is the ultimate resource for seniors and their families or others who care for them.</p>\n<p data-mce-fragment=\"1\"><strong data-mce-fragment=\"1\">Why Seniors Need the Living Legacy Planner</strong></p>\n<p data-mce-fragment=\"1\">Aging is a natural part of life, but it often comes with unique challenges. For seniors, maintaining independence while preparing for the unexpected can be a delicate balance. The Living Legacy Planner addresses these concerns by providing a clear organized way to:</p>\n<ol data-mce-fragment=\"1\">\n<li data-mce-fragment=\"1\">\n<strong data-mce-fragment=\"1\">Document Personal Wishes</strong>: Whether it’s outlining healthcare preference, specifying end-of life choices, or detailing how personal belongings should be handled, this guide helps ensure that every individual’s voice is heard-even when they cannot speak for themselves.</li>\n<li data-mce-fragment=\"1\">\n<strong data-mce-fragment=\"1\">Streamline Important Information:</strong> In times of crisis, families often scramble to locate key documents like wills, medical directives, or financial account details. This planner provides a centralized location to store all the critical information, making it accessible when it’s needed most.</li>\n<li data-mce-fragment=\"1\">\n<strong data-mce-fragment=\"1\">Reduce Stress for Loved ones</strong>: one of the greatest gifts seniors can give their families is the peace of mind that comes with clear guidance. By documenting everything in advance, loved ones are spared the emotional and logistical strain of making difficult decisions without any direction.</li>\n<li data-mce-fragment=\"1\">\n<strong data-mce-fragment=\"1\">Preserve a Meaningful Legacy</strong>: Beyond practical details, The Living Legacy Planner also provides space for seniors to share personal reflections, or values, ensuring that their legacy lives on with those they cherish.</li>\n</ol>\n<p data-mce-fragment=\"1\"><strong data-mce-fragment=\"1\">Key Features of the Living Legacy Planner</strong></p>\n<p data-mce-fragment=\"1\">The Living Legacy Planner stands out as a comprehensive resource, designed with seniors and their possible caregivers in mind. Its features include:</p>\n<p data-mce-fragment=\"1\">. <strong data-mce-fragment=\"1\">Step-by-step Guidance</strong>: Clear prompts to guide users through each section, ensuring no detail is overlooked.</p>\n<p data-mce-fragment=\"1\">. <strong data-mce-fragment=\"1\">Customizable Space</strong>: The planner has enough space to put your choices today and make your changes later without having to start all over.</p>\n<p data-mce-fragment=\"1\">. <strong data-mce-fragment=\"1\">Defined Categories</strong>: Separate sections regarding healthcare, finances, legal documents and more. .</p>\n<p data-mce-fragment=\"1\">Reflective Prompts: Thoughtful questions to encourage users to lists their most important likes and dislikes.</p>\n<p data-mce-fragment=\"1\">. <strong data-mce-fragment=\"1\">Durable Design</strong>: This hard back cover design is durable yet light weight for easy transport.</p>\n<p data-mce-fragment=\"1\">.<strong data-mce-fragment=\"1\">User-Friendly layout</strong>: Larger print and straightforward formatting make it easy for even those with some vison impairments to use.</p>\n<p data-mce-fragment=\"1\"><strong data-mce-fragment=\"1\">How the Living Legacy Planner Benefits Families</strong></p>\n<p data-mce-fragment=\"1\">Families play an integral role in supporting seniors, but without clear guidance, even the most well intentioned loved ones can feel anxiety and overwhelmed about making the right decisions. The Living Legacy Planner bridges this gap, fostering communication and sometimes collaboration between seniors and their families.</p>\n<ol data-mce-fragment=\"1\">\n<li data-mce-fragment=\"1\">\n<strong data-mce-fragment=\"1\">Encourages open conversations</strong>: This planner serves as a catalyst for meaningful discussions about sensitive or stressful topics like healthcare and end- of -life planning. It helps families navigate these conversations by asking prompting questions.</li>\n<li data-mce-fragment=\"1\">\n<strong data-mce-fragment=\"1\">Provides a Roadmap</strong>: When families have access to this comprehensive guide, they can act with confidence, knowing they are honoring a loved ones wishes.</li>\n</ol>\n<p data-mce-fragment=\"1\"><strong data-mce-fragment=\"1\">An Essential Gift for seniors and Their Families</strong></p>\n<p data-mce-fragment=\"1\">Looking for the perfect gift for a parent, grandparent or any adult loved one? The Living Legacy Planner is a thoughtful and practical choice that shows how much you care. It’s more than a book. It is a tool for empowerment, connection and security.</p>\n<p data-mce-fragment=\"1\">Whether given for a holiday or just because, this planner is a gift that truly keeps on giving. It helps people take control of their future while providing those around them with the clarity and confidence they need to support their loved ones.</p>\n<p data-mce-fragment=\"1\"><strong data-mce-fragment=\"1\">How to Get Started with the Living Legacy Planner:</strong></p>\n<p data-mce-fragment=\"1\">Using the Living Legacy Planner is Simple:</p>\n<ol data-mce-fragment=\"1\">\n<li data-mce-fragment=\"1\">Set Aside Time: Dedicate a quite Moment to begin filling out your planner. Work at your own pace. Tackle one section at a time.</li>\n<li data-mce-fragment=\"1\">Involve Loved Ones: Invite family members to join in the process, have the important conversations and review key details with them.</li>\n<li data-mce-fragment=\"1\">Review and Update: Life is ever-changing and your planner has space to change with you. Review your planner periodically to make any needed updates.</li>\n</ol>\n<p data-mce-fragment=\"1\"><strong data-mce-fragment=\"1\">What Readers Are Saying</strong></p>\n<p data-mce-fragment=\"1\">Early users of The Living Legacy Planner have shared glowing reviews:</p>\n<p data-mce-fragment=\"1\">. “This planner has helped me organize everything and has been a lifesaver for my family”</p>\n<p data-mce-fragment=\"1\">. “I’ve been worried about how my kids would manage if something happened to me. This book gives me peace of mind.”</p>\n<p data-mce-fragment=\"1\">“This planner is easy to use and it looks like they thought of everything” </p>\n<p data-mce-fragment=\"1\"><strong data-mce-fragment=\"1\">Why You Should Buy the Living Legacy Planner Online Today</strong></p>\n<p data-mce-fragment=\"1\">In today’s digital age, getting started with the Living legacy Planner is just a click away. By purchasing online, you can:</p>\n<p data-mce-fragment=\"1\">. Access a <a href=\"https://www.saltonlinestore.com/blogs/posts/7-essential-cookware-categories-that-people-ask-for-their-maintenance-tips\" title=\"Kitchen Essentials\">Convenient Resource</a>: Order from the comfort of your home and have the planner delivered straight to your door.</p>\n<p data-mce-fragment=\"1\">. Secure Your Legacy: Begin documenting your wishes and organizing your information without delay.</p>\n<p data-mce-fragment=\"1\">. Join a Movement: Join countless others who have discovered the power of planning and the peace of mind that it brings.</p>\n<p data-mce-fragment=\"1\">Don’t wait for a crisis to start planning. Take control of your future and make a plan to plan. Take control of your future.</p>\n<p data-mce-fragment=\"1\">Purchase Your Copy Today</p>\n<p data-mce-fragment=\"1\">Ready to take the next step? The Living Legacy Planner is available for purchase online at <a data-mce-fragment=\"1\" href=\"https://a.co/d/hFsq8AJ\">https://a.co/d/hFsq8AJ</a></p>\n<p data-mce-fragment=\"1\">Affordable and easy to use, this essential guide is an investment in your future and your families’ peace of mind.</p>\n<p data-mce-fragment=\"1\">For additional information or questions about the Living Legacy Planner, contact Courtney Jones at <a data-mce-fragment=\"1\" href=\"mailto:Courtney@seniorandlivingtoday.com\">Courtney@seniorandlivingtoday.com</a> or visit <a data-mce-fragment=\"1\" href=\"https://www.seniorandlivingtoday.com/\">https://www.seniorandlivingtoday.com/</a></p>\n<p data-mce-fragment=\"1\">Empower yourself and your loved ones. Buy The Living Legacy Planner today and secure your legacy for generations to come</p>","image":null}]}